date,equity,cash,invested,drawdown
2021-06-26,2000.0,8490.493814813868,0.0,0.0
2021-06-27,2000.0,8490.493814813868,0.0,0.0
2021-06-28,2000.0,8490.493814813868,0.0,0.0
2021-06-29,2000.0,8490.493814813868,0.0,0.0
2021-06-30,2000.0,8490.493814813868,0.0,0.0
2021-07-01,2000.0,8490.493814813868,0.0,0.0
2021-07-02,2000.0,8490.493814813868,0.0,0.0
2021-07-03,2000.0,8490.493814813868,0.0,0.0
2021-07-04,2000.0,8490.493814813868,0.0,0.0
2021-07-05,2000.0,8490.493814813868,0.0,0.0
2021-07-06,2000.0,8490.493814813868,0.0,0.0
2021-07-07,2000.0,8490.493814813868,0.0,0.0
2021-07-08,2000.0,8490.493814813868,0.0,0.0
2021-07-09,2000.0,8490.493814813868,0.0,0.0
2021-07-10,2000.0,8490.493814813868,0.0,0.0
2021-07-11,2000.0,8490.493814813868,0.0,0.0
2021-07-12,2000.0,8490.493814813868,0.0,0.0
2021-07-13,2000.0,8490.493814813868,0.0,0.0
2021-07-14,2000.0,8490.493814813868,0.0,0.0
2021-07-15,2000.0,8490.493814813868,0.0,0.0
2021-07-16,2000.0,8490.493814813868,0.0,0.0
2021-07-17,2000.0,8490.493814813868,0.0,0.0
2021-07-18,2000.0,8490.493814813868,0.0,0.0
2021-07-19,2000.0,8490.493814813868,0.0,0.0
2021-07-20,2000.0,8490.493814813868,0.0,0.0
2021-07-21,2000.0,8490.493814813868,0.0,0.0
2021-07-22,2000.0,8490.493814813868,0.0,0.0
2021-07-23,2000.0,8490.493814813868,0.0,0.0
2021-07-24,2000.0,8490.493814813868,0.0,0.0
2021-07-25,2000.0,8490.493814813868,0.0,0.0
2021-07-26,2000.0,8490.493814813868,0.0,0.0
2021-07-27,2000.0,8490.493814813868,0.0,0.0
2021-07-28,2000.0,8490.493814813868,0.0,0.0
2021-07-29,2000.0,8490.493814813868,0.0,0.0
2021-07-30,2000.0,8490.493814813868,0.0,0.0
2021-07-31,2000.0,8490.493814813868,0.0,0.0
2021-08-01,2000.0,8490.493814813868,0.0,0.0
2021-08-02,2000.0,8490.493814813868,0.0,0.0
2021-08-03,2000.0,8490.493814813868,0.0,0.0
2021-08-04,2000.0,8490.493814813868,0.0,0.0
2021-08-05,2000.0,8490.493814813868,0.0,0.0
2021-08-06,2000.0,8490.493814813868,0.0,0.0
2021-08-07,2000.0,8490.493814813868,0.0,0.0
2021-08-08,2000.0,8490.493814813868,0.0,0.0
2021-08-09,2000.0,8490.493814813868,0.0,0.0
2021-08-10,2000.0,8490.493814813868,0.0,0.0
2021-08-11,2000.0,8490.493814813868,0.0,0.0
2021-08-12,2000.0,8490.493814813868,0.0,0.0
2021-08-13,2000.0,8490.493814813868,0.0,0.0
2021-08-14,2000.0,8490.493814813868,0.0,0.0
2021-08-15,2000.0,8490.493814813868,0.0,0.0
2021-08-16,2000.0,8490.493814813868,0.0,0.0
2021-08-17,2000.0,8490.493814813868,0.0,0.0
2021-08-18,2000.0,8490.493814813868,0.0,0.0
2021-08-19,2000.0,8490.493814813868,0.0,0.0
2021-08-20,2000.0,8490.493814813868,0.0,0.0
2021-08-21,2000.0,8490.493814813868,0.0,0.0
2021-08-22,2000.0,8490.493814813868,0.0,0.0
2021-08-23,2000.0,8490.493814813868,0.0,0.0
2021-08-24,2000.0,8490.493814813868,0.0,0.0
2021-08-25,2000.0,8490.493814813868,0.0,0.0
2021-08-26,2000.0,8490.493814813868,0.0,0.0
2021-08-27,2000.0,8490.493814813868,0.0,0.0
2021-08-28,2000.0,8490.493814813868,0.0,0.0
2021-08-29,2000.0,8490.493814813868,0.0,0.0
2021-08-30,2000.0,8490.493814813868,0.0,0.0
2021-08-31,2000.0,8490.493814813868,0.0,0.0
2021-09-01,2000.0,8490.493814813868,0.0,0.0
2021-09-02,2000.0,8490.493814813868,0.0,0.0
2021-09-03,2000.0,8490.493814813868,0.0,0.0
2021-09-04,2000.0,8490.493814813868,0.0,0.0
2021-09-05,2000.0,8490.493814813868,0.0,0.0
2021-09-06,2000.0,8490.493814813868,0.0,0.0
2021-09-07,2000.0,8490.493814813868,0.0,0.0
2021-09-08,2000.0,8490.493814813868,0.0,0.0
2021-09-09,2000.0,8490.493814813868,0.0,0.0
2021-09-10,2000.0,8490.493814813868,0.0,0.0
2021-09-11,2000.0,8490.493814813868,0.0,0.0
2021-09-12,2000.0,8490.493814813868,0.0,0.0
2021-09-13,2000.0,8490.493814813868,0.0,0.0
2021-09-14,2000.0,8490.493814813868,0.0,0.0
2021-09-15,2000.0,8490.493814813868,0.0,0.0
2021-09-16,2000.0,8490.493814813868,0.0,0.0
2021-09-17,2000.0,8490.493814813868,0.0,0.0
2021-09-18,2000.0,8490.493814813868,0.0,0.0
2021-09-19,2000.0,8490.493814813868,0.0,0.0
2021-09-20,2000.0,8490.493814813868,0.0,0.0
2021-09-21,2000.0,8490.493814813868,0.0,0.0
2021-09-22,2000.0,8490.493814813868,0.0,0.0
2021-09-23,2000.0,8490.493814813868,0.0,0.0
2021-09-24,2000.0,8490.493814813868,0.0,0.0
2021-09-25,2000.0,8490.493814813868,0.0,0.0
2021-09-26,2000.0,8490.493814813868,0.0,0.0
2021-09-27,2000.0,8490.493814813868,0.0,0.0
2021-09-28,2000.0,8490.493814813868,0.0,0.0
2021-09-29,2000.0,8490.493814813868,0.0,0.0
2021-09-30,2000.0,8490.493814813868,0.0,0.0
2021-10-01,2000.0,8490.493814813868,0.0,0.0
2021-10-02,2000.0,8490.493814813868,0.0,0.0
2021-10-03,2000.0,8490.493814813868,0.0,0.0
2021-10-04,2000.0,8490.493814813868,0.0,0.0
2021-10-05,2000.0,8490.493814813868,0.0,0.0
2021-10-06,2000.0,8490.493814813868,0.0,0.0
2021-10-07,2000.0,8490.493814813868,0.0,0.0
2021-10-08,2000.0,8490.493814813868,0.0,0.0
2021-10-09,2000.0,8490.493814813868,0.0,0.0
2021-10-10,2000.0,8490.493814813868,0.0,0.0
2021-10-11,2000.0,8490.493814813868,0.0,0.0
2021-10-12,2000.0,8490.493814813868,0.0,0.0
2021-10-13,2000.0,8490.493814813868,0.0,0.0
2021-10-14,2000.0,8490.493814813868,0.0,0.0
2021-10-15,2000.0,8490.493814813868,0.0,0.0
2021-10-16,2000.0,8490.493814813868,0.0,0.0
2021-10-17,2000.0,8490.493814813868,0.0,0.0
2021-10-18,2000.0,8490.493814813868,0.0,0.0
2021-10-19,2000.0,8490.493814813868,0.0,0.0
2021-10-20,2000.0,8490.493814813868,0.0,0.0
2021-10-21,2000.0,8490.493814813868,0.0,0.0
2021-10-22,2000.0,8490.493814813868,0.0,0.0
2021-10-23,2000.0,8490.493814813868,0.0,0.0
2021-10-24,2000.0,8490.493814813868,0.0,0.0
2021-10-25,2000.0,8490.493814813868,0.0,0.0
2021-10-26,2000.0,8490.493814813868,0.0,0.0
2021-10-27,2000.0,8490.493814813868,0.0,0.0
2021-10-28,2000.0,8490.493814813868,0.0,0.0
2021-10-29,2000.0,8490.493814813868,0.0,0.0
2021-10-30,2000.0,8490.493814813868,0.0,0.0
2021-10-31,2000.0,8490.493814813868,0.0,0.0
2021-11-01,2000.0,8490.493814813868,0.0,0.0
2021-11-02,2000.0,8490.493814813868,0.0,0.0
2021-11-03,2000.0,8490.493814813868,0.0,0.0
2021-11-04,2000.0,8490.493814813868,0.0,0.0
2021-11-05,2000.0,8490.493814813868,0.0,0.0
2021-11-06,2000.0,8490.493814813868,0.0,0.0
2021-11-07,2000.0,8490.493814813868,0.0,0.0
2021-11-08,2000.0,8490.493814813868,0.0,0.0
2021-11-09,2000.0,8490.493814813868,0.0,0.0
2021-11-10,2000.0,8490.493814813868,0.0,0.0
2021-11-11,2000.0,8490.493814813868,0.0,0.0
2021-11-12,2000.0,8490.493814813868,0.0,0.0
2021-11-13,2000.0,8490.493814813868,0.0,0.0
2021-11-14,2000.0,8490.493814813868,0.0,0.0
2021-11-15,2000.0,8490.493814813868,0.0,0.0
2021-11-16,2000.0,8490.493814813868,0.0,0.0
2021-11-17,2000.0,8490.493814813868,0.0,0.0
2021-11-18,2000.0,8490.493814813868,0.0,0.0
2021-11-19,2000.0,8490.493814813868,0.0,0.0
2021-11-20,2000.0,8490.493814813868,0.0,0.0
2021-11-21,2000.0,8490.493814813868,0.0,0.0
2021-11-22,2000.0,8490.493814813868,0.0,0.0
2021-11-23,2000.0,8490.493814813868,0.0,0.0
2021-11-24,2000.0,8490.493814813868,0.0,0.0
2021-11-25,2000.0,8490.493814813868,0.0,0.0
2021-11-26,2000.0,8490.493814813868,0.0,0.0
2021-11-27,2000.0,8490.493814813868,0.0,0.0
2021-11-28,2000.0,8490.493814813868,0.0,0.0
2021-11-29,2000.0,8490.493814813868,0.0,0.0
2021-11-30,2000.0,8490.493814813868,0.0,0.0
2021-12-01,2000.0,8490.493814813868,0.0,0.0
2021-12-02,2000.0,8490.493814813868,0.0,0.0
2021-12-03,2000.0,8490.493814813868,0.0,0.0
2021-12-04,2000.0,8490.493814813868,0.0,0.0
2021-12-05,2000.0,8490.493814813868,0.0,0.0
2021-12-06,2000.0,8490.493814813868,0.0,0.0
2021-12-07,2000.0,8490.493814813868,0.0,0.0
2021-12-08,2000.0,8490.493814813868,0.0,0.0
2021-12-09,2000.0,8490.493814813868,0.0,0.0
2021-12-10,2000.0,8490.493814813868,0.0,0.0
2021-12-11,2000.0,8490.493814813868,0.0,0.0
2021-12-12,2000.0,8490.493814813868,0.0,0.0
2021-12-13,2000.0,8490.493814813868,0.0,0.0
2021-12-14,2000.0,8490.493814813868,0.0,0.0
2021-12-15,2000.0,8490.493814813868,0.0,0.0
2021-12-16,2000.0,8490.493814813868,0.0,0.0
2021-12-17,2000.0,8490.493814813868,0.0,0.0
2021-12-18,2000.0,8490.493814813868,0.0,0.0
2021-12-19,2000.0,8490.493814813868,0.0,0.0
2021-12-20,2000.0,8490.493814813868,0.0,0.0
2021-12-21,2000.0,8490.493814813868,0.0,0.0
2021-12-22,2000.0,8490.493814813868,0.0,0.0
2021-12-23,2000.0,8490.493814813868,0.0,0.0
2021-12-24,2000.0,8490.493814813868,0.0,0.0
2021-12-25,2000.0,8490.493814813868,0.0,0.0
2021-12-26,2000.0,8490.493814813868,0.0,0.0
2021-12-27,2000.0,8490.493814813868,0.0,0.0
2021-12-28,2000.0,8490.493814813868,0.0,0.0
2021-12-29,2000.0,8490.493814813868,0.0,0.0
2021-12-30,2000.0,8490.493814813868,0.0,0.0
2021-12-31,2000.0,8490.493814813868,0.0,0.0
2022-01-01,2000.0,8490.493814813868,0.0,0.0
2022-01-02,2000.0,8490.493814813868,0.0,0.0
2022-01-03,2000.0,8490.493814813868,0.0,0.0
2022-01-04,2000.0,8490.493814813868,0.0,0.0
2022-01-05,2000.0,8490.493814813868,0.0,0.0
2022-01-06,2000.0,8490.493814813868,0.0,0.0
2022-01-07,2000.0,8490.493814813868,0.0,0.0
2022-01-08,2000.0,8490.493814813868,0.0,0.0
2022-01-09,2000.0,8490.493814813868,0.0,0.0
2022-01-10,2000.0,8490.493814813868,0.0,0.0
2022-01-11,2000.0,8490.493814813868,0.0,0.0
2022-01-12,2000.0,8490.493814813868,0.0,0.0
2022-01-13,2000.0,8490.493814813868,0.0,0.0
2022-01-14,2000.0,8490.493814813868,0.0,0.0
2022-01-15,2000.0,8490.493814813868,0.0,0.0
2022-01-16,2000.0,8490.493814813868,0.0,0.0
2022-01-17,2000.0,8490.493814813868,0.0,0.0
2022-01-18,2000.0,8490.493814813868,0.0,0.0
2022-01-19,2000.0,8490.493814813868,0.0,0.0
2022-01-20,2000.0,8490.493814813868,0.0,0.0
2022-01-21,2000.0,8490.493814813868,0.0,0.0
2022-01-22,2000.0,8490.493814813868,0.0,0.0
2022-01-23,2000.0,8490.493814813868,0.0,0.0
2022-01-24,2000.0,8490.493814813868,0.0,0.0
2022-01-25,2000.0,8490.493814813868,0.0,0.0
2022-01-26,2000.0,8490.493814813868,0.0,0.0
2022-01-27,2000.0,8490.493814813868,0.0,0.0
2022-01-28,2000.0,8490.493814813868,0.0,0.0
2022-01-29,2000.0,8490.493814813868,0.0,0.0
2022-01-30,2000.0,8490.493814813868,0.0,0.0
2022-01-31,2000.0,8490.493814813868,0.0,0.0
2022-02-01,2000.0,8490.493814813868,0.0,0.0
2022-02-02,2000.0,8490.493814813868,0.0,0.0
2022-02-03,2000.0,8490.493814813868,0.0,0.0
2022-02-04,2000.0,8490.493814813868,0.0,0.0
2022-02-05,2000.0,8490.493814813868,0.0,0.0
2022-02-06,2000.0,8490.493814813868,0.0,0.0
2022-02-07,2000.0,8490.493814813868,0.0,0.0
2022-02-08,2000.0,8490.493814813868,0.0,0.0
2022-02-09,2000.0,8490.493814813868,0.0,0.0
2022-02-10,2000.0,8490.493814813868,0.0,0.0
2022-02-11,2000.0,8490.493814813868,0.0,0.0
2022-02-12,2000.0,8490.493814813868,0.0,0.0
2022-02-13,2000.0,8490.493814813868,0.0,0.0
2022-02-14,2000.0,8490.493814813868,0.0,0.0
2022-02-15,2000.0,8490.493814813868,0.0,0.0
2022-02-16,2000.0,8490.493814813868,0.0,0.0
2022-02-17,2000.0,8490.493814813868,0.0,0.0
2022-02-18,2000.0,8490.493814813868,0.0,0.0
2022-02-19,2000.0,8490.493814813868,0.0,0.0
2022-02-20,2000.0,8490.493814813868,0.0,0.0
2022-02-21,2000.0,8490.493814813868,0.0,0.0
2022-02-22,2000.0,8490.493814813868,0.0,0.0
2022-02-23,2000.0,8490.493814813868,0.0,0.0
2022-02-24,2000.0,8490.493814813868,0.0,0.0
2022-02-25,2000.0,8490.493814813868,0.0,0.0
2022-02-26,2000.0,8490.493814813868,0.0,0.0
2022-02-27,2000.0,8490.493814813868,0.0,0.0
2022-02-28,2000.0,8490.493814813868,0.0,0.0
2022-03-01,2000.0,8490.493814813868,0.0,0.0
2022-03-02,2000.0,8490.493814813868,0.0,0.0
2022-03-03,2000.0,8490.493814813868,0.0,0.0
2022-03-04,2000.0,8490.493814813868,0.0,0.0
2022-03-05,2000.0,8490.493814813868,0.0,0.0
2022-03-06,2000.0,8490.493814813868,0.0,0.0
2022-03-07,2000.0,8490.493814813868,0.0,0.0
2022-03-08,2000.0,8490.493814813868,0.0,0.0
2022-03-09,2000.0,8490.493814813868,0.0,0.0
2022-03-10,2000.0,8490.493814813868,0.0,0.0
2022-03-11,2000.0,8490.493814813868,0.0,0.0
2022-03-12,2000.0,8490.493814813868,0.0,0.0
2022-03-13,2000.0,8490.493814813868,0.0,0.0
2022-03-14,2000.0,8490.493814813868,0.0,0.0
2022-03-15,2000.0,8490.493814813868,0.0,0.0
2022-03-16,2000.0,8490.493814813868,0.0,0.0
2022-03-17,2000.0,8490.493814813868,0.0,0.0
2022-03-18,2000.0,8490.493814813868,0.0,0.0
2022-03-19,2000.0,8490.493814813868,0.0,0.0
2022-03-20,2000.0,8490.493814813868,0.0,0.0
2022-03-21,2000.0,8490.493814813868,0.0,0.0
2022-03-22,2000.0,8490.493814813868,0.0,0.0
2022-03-23,2000.0,8490.493814813868,0.0,0.0
2022-03-24,2000.0,8490.493814813868,0.0,0.0
2022-03-25,2000.0,8490.493814813868,0.0,0.0
2022-03-26,2000.0,8490.493814813868,0.0,0.0
2022-03-27,2000.0,8490.493814813868,0.0,0.0
2022-03-28,2000.0,0.0,0.0,0.0
2022-03-29,2000.0,0.0,0.0,0.0
2022-03-30,2000.0,0.0,0.0,0.0
2022-03-31,2000.0,0.0,0.0,0.0
2022-04-01,2000.0,8490.493814813868,0.0,0.0
2022-04-02,2000.0,8490.493814813868,0.0,0.0
2022-04-03,2000.0,8490.493814813868,0.0,0.0
2022-04-04,2000.0,8490.493814813868,0.0,0.0
2022-04-05,2000.0,8490.493814813868,0.0,0.0
2022-04-06,2000.0,8490.493814813868,0.0,0.0
2022-04-07,2000.0,8490.493814813868,0.0,0.0
2022-04-08,2000.0,8490.493814813868,0.0,0.0
2022-04-09,2000.0,8490.493814813868,0.0,0.0
2022-04-10,2000.0,8490.493814813868,0.0,0.0
2022-04-11,2000.0,8490.493814813868,0.0,0.0
2022-04-12,2000.0,8490.493814813868,0.0,0.0
2022-04-13,2000.0,8490.493814813868,0.0,0.0
2022-04-14,2000.0,8490.493814813868,0.0,0.0
2022-04-15,2000.0,8490.493814813868,0.0,0.0
2022-04-16,2000.0,8490.493814813868,0.0,0.0
2022-04-17,2000.0,8490.493814813868,0.0,0.0
2022-04-18,2000.0,8490.493814813868,0.0,0.0
2022-04-19,2000.0,8490.493814813868,0.0,0.0
2022-04-20,2000.0,8490.493814813868,0.0,0.0
2022-04-21,2000.0,8490.493814813868,0.0,0.0
2022-04-22,2000.0,8490.493814813868,0.0,0.0
2022-04-23,2000.0,8490.493814813868,0.0,0.0
2022-04-24,2000.0,8490.493814813868,0.0,0.0
2022-04-25,2000.0,8490.493814813868,0.0,0.0
2022-04-26,2000.0,8490.493814813868,0.0,0.0
2022-04-27,2000.0,8490.493814813868,0.0,0.0
2022-04-28,2000.0,8490.493814813868,0.0,0.0
2022-04-29,2000.0,8490.493814813868,0.0,0.0
2022-04-30,2000.0,8490.493814813868,0.0,0.0
2022-05-01,2000.0,8490.493814813868,0.0,0.0
2022-05-02,2000.0,8490.493814813868,0.0,0.0
2022-05-03,2000.0,8490.493814813868,0.0,0.0
2022-05-04,2000.0,8490.493814813868,0.0,0.0
2022-05-05,2000.0,8490.493814813868,0.0,0.0
2022-05-06,2000.0,8490.493814813868,0.0,0.0
2022-05-07,2000.0,8490.493814813868,0.0,0.0
2022-05-08,2000.0,8490.493814813868,0.0,0.0
2022-05-09,2000.0,8490.493814813868,0.0,0.0
2022-05-10,2000.0,8490.493814813868,0.0,0.0
2022-05-11,2000.0,8490.493814813868,0.0,0.0
2022-05-12,2000.0,8490.493814813868,0.0,0.0
2022-05-13,2000.0,8490.493814813868,0.0,0.0
2022-05-14,2000.0,8490.493814813868,0.0,0.0
2022-05-15,2000.0,8490.493814813868,0.0,0.0
2022-05-16,2000.0,8490.493814813868,0.0,0.0
2022-05-17,2000.0,8490.493814813868,0.0,0.0
2022-05-18,2000.0,8490.493814813868,0.0,0.0
2022-05-19,2000.0,8490.493814813868,0.0,0.0
2022-05-20,2000.0,8490.493814813868,0.0,0.0
2022-05-21,2000.0,8490.493814813868,0.0,0.0
2022-05-22,2000.0,8490.493814813868,0.0,0.0
2022-05-23,2000.0,8490.493814813868,0.0,0.0
2022-05-24,2000.0,8490.493814813868,0.0,0.0
2022-05-25,2000.0,8490.493814813868,0.0,0.0
2022-05-26,2000.0,8490.493814813868,0.0,0.0
2022-05-27,2000.0,8490.493814813868,0.0,0.0
2022-05-28,2000.0,8490.493814813868,0.0,0.0
2022-05-29,2000.0,8490.493814813868,0.0,0.0
2022-05-30,2000.0,8490.493814813868,0.0,0.0
2022-05-31,2000.0,8490.493814813868,0.0,0.0
2022-06-01,2000.0,8490.493814813868,0.0,0.0
2022-06-02,2000.0,8490.493814813868,0.0,0.0
2022-06-03,2000.0,8490.493814813868,0.0,0.0
2022-06-04,2000.0,8490.493814813868,0.0,0.0
2022-06-05,2000.0,8490.493814813868,0.0,0.0
2022-06-06,2000.0,8490.493814813868,0.0,0.0
2022-06-07,2000.0,8490.493814813868,0.0,0.0
2022-06-08,2000.0,8490.493814813868,0.0,0.0
2022-06-09,2000.0,8490.493814813868,0.0,0.0
2022-06-10,2000.0,8490.493814813868,0.0,0.0
2022-06-11,2000.0,8490.493814813868,0.0,0.0
2022-06-12,2000.0,8490.493814813868,0.0,0.0
2022-06-13,2000.0,8490.493814813868,0.0,0.0
2022-06-14,2000.0,8490.493814813868,0.0,0.0
2022-06-15,2000.0,8490.493814813868,0.0,0.0
2022-06-16,2000.0,8490.493814813868,0.0,0.0
2022-06-17,2000.0,8490.493814813868,0.0,0.0
2022-06-18,2000.0,8490.493814813868,0.0,0.0
2022-06-19,2000.0,8490.493814813868,0.0,0.0
2022-06-20,2000.0,8490.493814813868,0.0,0.0
2022-06-21,2000.0,8490.493814813868,0.0,0.0
2022-06-22,2000.0,8490.493814813868,0.0,0.0
2022-06-23,2000.0,8490.493814813868,0.0,0.0
2022-06-24,2000.0,8490.493814813868,0.0,0.0
2022-06-25,2000.0,8490.493814813868,0.0,0.0
2022-06-26,2000.0,8490.493814813868,0.0,0.0
2022-06-27,2000.0,8490.493814813868,0.0,0.0
2022-06-28,2000.0,8490.493814813868,0.0,0.0
2022-06-29,2000.0,8490.493814813868,0.0,0.0
2022-06-30,2000.0,8490.493814813868,0.0,0.0
2022-07-01,2000.0,8490.493814813868,0.0,0.0
2022-07-02,2000.0,8490.493814813868,0.0,0.0
2022-07-03,2000.0,8490.493814813868,0.0,0.0
2022-07-04,2000.0,8490.493814813868,0.0,0.0
2022-07-05,2000.0,8490.493814813868,0.0,0.0
2022-07-06,2000.0,8490.493814813868,0.0,0.0
2022-07-07,2000.0,8490.493814813868,0.0,0.0
2022-07-08,2000.0,8490.493814813868,0.0,0.0
2022-07-09,2000.0,8490.493814813868,0.0,0.0
2022-07-10,2000.0,8490.493814813868,0.0,0.0
2022-07-11,2000.0,8490.493814813868,0.0,0.0
2022-07-12,2000.0,8490.493814813868,0.0,0.0
2022-07-13,2000.0,8490.493814813868,0.0,0.0
2022-07-14,2000.0,8490.493814813868,0.0,0.0
2022-07-15,2000.0,8490.493814813868,0.0,0.0
2022-07-16,2000.0,8490.493814813868,0.0,0.0
2022-07-17,2000.0,8490.493814813868,0.0,0.0
2022-07-18,2000.0,8490.493814813868,0.0,0.0
2022-07-19,2000.0,8490.493814813868,0.0,0.0
2022-07-20,2000.0,8490.493814813868,0.0,0.0
2022-07-21,2000.0,8490.493814813868,0.0,0.0
2022-07-22,2000.0,8490.493814813868,0.0,0.0
2022-07-23,2000.0,8490.493814813868,0.0,0.0
2022-07-24,2000.0,8490.493814813868,0.0,0.0
2022-07-25,2000.0,8490.493814813868,0.0,0.0
2022-07-26,2000.0,8490.493814813868,0.0,0.0
2022-07-27,2000.0,8490.493814813868,0.0,0.0
2022-07-28,2000.0,8490.493814813868,0.0,0.0
2022-07-29,2000.0,8490.493814813868,0.0,0.0
2022-07-30,2000.0,8490.493814813868,0.0,0.0
2022-07-31,2000.0,8490.493814813868,0.0,0.0
2022-08-01,2000.0,8490.493814813868,0.0,0.0
2022-08-02,2000.0,8490.493814813868,0.0,0.0
2022-08-03,2000.0,8490.493814813868,0.0,0.0
2022-08-04,2000.0,8490.493814813868,0.0,0.0
2022-08-05,2000.0,8490.493814813868,0.0,0.0
2022-08-06,2000.0,8490.493814813868,0.0,0.0
2022-08-07,2000.0,8490.493814813868,0.0,0.0
2022-08-08,2000.0,8490.493814813868,0.0,0.0
2022-08-09,2000.0,8490.493814813868,0.0,0.0
2022-08-10,2000.0,8490.493814813868,0.0,0.0
2022-08-11,2000.0,8490.493814813868,0.0,0.0
2022-08-12,2000.0,8490.493814813868,0.0,0.0
2022-08-13,2000.0,8490.493814813868,0.0,0.0
2022-08-14,2000.0,8490.493814813868,0.0,0.0
2022-08-15,2000.0,8490.493814813868,0.0,0.0
2022-08-16,2000.0,8490.493814813868,0.0,0.0
2022-08-17,2000.0,8490.493814813868,0.0,0.0
2022-08-18,2000.0,8490.493814813868,0.0,0.0
2022-08-19,2000.0,8490.493814813868,0.0,0.0
2022-08-20,2000.0,8490.493814813868,0.0,0.0
2022-08-21,2000.0,8490.493814813868,0.0,0.0
2022-08-22,2000.0,8490.493814813868,0.0,0.0
2022-08-23,2000.0,8490.493814813868,0.0,0.0
2022-08-24,2000.0,8490.493814813868,0.0,0.0
2022-08-25,2000.0,8490.493814813868,0.0,0.0
2022-08-26,2000.0,8490.493814813868,0.0,0.0
2022-08-27,2000.0,8490.493814813868,0.0,0.0
2022-08-28,2000.0,8490.493814813868,0.0,0.0
2022-08-29,2000.0,8490.493814813868,0.0,0.0
2022-08-30,2000.0,8490.493814813868,0.0,0.0
2022-08-31,2000.0,8490.493814813868,0.0,0.0
2022-09-01,2000.0,8490.493814813868,0.0,0.0
2022-09-02,2000.0,8490.493814813868,0.0,0.0
2022-09-03,2000.0,8490.493814813868,0.0,0.0
2022-09-04,2000.0,8490.493814813868,0.0,0.0
2022-09-05,2000.0,8490.493814813868,0.0,0.0
2022-09-06,2000.0,8490.493814813868,0.0,0.0
2022-09-07,2000.0,8490.493814813868,0.0,0.0
2022-09-08,2000.0,8490.493814813868,0.0,0.0
2022-09-09,2000.0,8490.493814813868,0.0,0.0
2022-09-10,2000.0,8490.493814813868,0.0,0.0
2022-09-11,2000.0,8490.493814813868,0.0,0.0
2022-09-12,2000.0,8490.493814813868,0.0,0.0
2022-09-13,2000.0,8490.493814813868,0.0,0.0
2022-09-14,2000.0,8490.493814813868,0.0,0.0
2022-09-15,2000.0,8490.493814813868,0.0,0.0
2022-09-16,2000.0,8490.493814813868,0.0,0.0
2022-09-17,2000.0,8490.493814813868,0.0,0.0
2022-09-18,2000.0,8490.493814813868,0.0,0.0
2022-09-19,2000.0,8490.493814813868,0.0,0.0
2022-09-20,2000.0,8490.493814813868,0.0,0.0
2022-09-21,2000.0,8490.493814813868,0.0,0.0
2022-09-22,2000.0,8490.493814813868,0.0,0.0
2022-09-23,2000.0,8490.493814813868,0.0,0.0
2022-09-24,2000.0,8490.493814813868,0.0,0.0
2022-09-25,2000.0,8490.493814813868,0.0,0.0
2022-09-26,2000.0,8490.493814813868,0.0,0.0
2022-09-27,2000.0,8490.493814813868,0.0,0.0
2022-09-28,2000.0,8490.493814813868,0.0,0.0
2022-09-29,2000.0,8490.493814813868,0.0,0.0
2022-09-30,2000.0,8490.493814813868,0.0,0.0
2022-10-01,2000.0,8490.493814813868,0.0,0.0
2022-10-02,2000.0,8490.493814813868,0.0,0.0
2022-10-03,2000.0,8490.493814813868,0.0,0.0
2022-10-04,2000.0,8490.493814813868,0.0,0.0
2022-10-05,2000.0,8490.493814813868,0.0,0.0
2022-10-06,2000.0,8490.493814813868,0.0,0.0
2022-10-07,2000.0,8490.493814813868,0.0,0.0
2022-10-08,2000.0,8490.493814813868,0.0,0.0
2022-10-09,2000.0,8490.493814813868,0.0,0.0
2022-10-10,2000.0,8490.493814813868,0.0,0.0
2022-10-11,2000.0,8490.493814813868,0.0,0.0
2022-10-12,2000.0,8490.493814813868,0.0,0.0
2022-10-13,2000.0,8490.493814813868,0.0,0.0
2022-10-14,2000.0,8490.493814813868,0.0,0.0
2022-10-15,2000.0,8490.493814813868,0.0,0.0
2022-10-16,2000.0,8490.493814813868,0.0,0.0
2022-10-17,2000.0,8490.493814813868,0.0,0.0
2022-10-18,2000.0,8490.493814813868,0.0,0.0
2022-10-19,2000.0,8490.493814813868,0.0,0.0
2022-10-20,2000.0,8490.493814813868,0.0,0.0
2022-10-21,2000.0,8490.493814813868,0.0,0.0
2022-10-22,2000.0,8490.493814813868,0.0,0.0
2022-10-23,2000.0,8490.493814813868,0.0,0.0
2022-10-24,2000.0,8490.493814813868,0.0,0.0
2022-10-25,2000.0,8490.493814813868,0.0,0.0
2022-10-26,2000.0,8490.493814813868,0.0,0.0
2022-10-27,2000.0,8490.493814813868,0.0,0.0
2022-10-28,2000.0,8490.493814813868,0.0,0.0
2022-10-29,2000.0,8490.493814813868,0.0,0.0
2022-10-30,2000.0,8490.493814813868,0.0,0.0
2022-10-31,2000.0,8490.493814813868,0.0,0.0
2022-11-01,2000.0,8490.493814813868,0.0,0.0
2022-11-02,2000.0,8490.493814813868,0.0,0.0
2022-11-03,2000.0,8490.493814813868,0.0,0.0
2022-11-04,2000.0,8490.493814813868,0.0,0.0
2022-11-05,2000.0,8490.493814813868,0.0,0.0
2022-11-06,2000.0,8490.493814813868,0.0,0.0
2022-11-07,2000.0,8490.493814813868,0.0,0.0
2022-11-08,2000.0,8490.493814813868,0.0,0.0
2022-11-09,2000.0,8490.493814813868,0.0,0.0
2022-11-10,2000.0,8490.493814813868,0.0,0.0
2022-11-11,2000.0,8490.493814813868,0.0,0.0
2022-11-12,2000.0,8490.493814813868,0.0,0.0
2022-11-13,2000.0,8490.493814813868,0.0,0.0
2022-11-14,2000.0,8490.493814813868,0.0,0.0
2022-11-15,2000.0,8490.493814813868,0.0,0.0
2022-11-16,2000.0,8490.493814813868,0.0,0.0
2022-11-17,2000.0,8490.493814813868,0.0,0.0
2022-11-18,2000.0,8490.493814813868,0.0,0.0
2022-11-19,2000.0,8490.493814813868,0.0,0.0
2022-11-20,2000.0,8490.493814813868,0.0,0.0
2022-11-21,2000.0,8490.493814813868,0.0,0.0
2022-11-22,2000.0,8490.493814813868,0.0,0.0
2022-11-23,2000.0,8490.493814813868,0.0,0.0
2022-11-24,2000.0,8490.493814813868,0.0,0.0
2022-11-25,2000.0,8490.493814813868,0.0,0.0
2022-11-26,2000.0,8490.493814813868,0.0,0.0
2022-11-27,2000.0,8490.493814813868,0.0,0.0
2022-11-28,2000.0,8490.493814813868,0.0,0.0
2022-11-29,2000.0,8490.493814813868,0.0,0.0
2022-11-30,2000.0,8490.493814813868,0.0,0.0
2022-12-01,2000.0,8490.493814813868,0.0,0.0
2022-12-02,2000.0,8490.493814813868,0.0,0.0
2022-12-03,2000.0,8490.493814813868,0.0,0.0
2022-12-04,2000.0,8490.493814813868,0.0,0.0
2022-12-05,2000.0,8490.493814813868,0.0,0.0
2022-12-06,2000.0,8490.493814813868,0.0,0.0
2022-12-07,2000.0,8490.493814813868,0.0,0.0
2022-12-08,2000.0,8490.493814813868,0.0,0.0
2022-12-09,2000.0,8490.493814813868,0.0,0.0
2022-12-10,2000.0,8490.493814813868,0.0,0.0
2022-12-11,2000.0,8490.493814813868,0.0,0.0
2022-12-12,2000.0,8490.493814813868,0.0,0.0
2022-12-13,2000.0,8490.493814813868,0.0,0.0
2022-12-14,2000.0,8490.493814813868,0.0,0.0
2022-12-15,2000.0,8490.493814813868,0.0,0.0
2022-12-16,2000.0,8490.493814813868,0.0,0.0
2022-12-17,2000.0,8490.493814813868,0.0,0.0
2022-12-18,2000.0,8490.493814813868,0.0,0.0
2022-12-19,2000.0,8490.493814813868,0.0,0.0
2022-12-20,2000.0,8490.493814813868,0.0,0.0
2022-12-21,2000.0,8490.493814813868,0.0,0.0
2022-12-22,2000.0,8490.493814813868,0.0,0.0
2022-12-23,2000.0,8490.493814813868,0.0,0.0
2022-12-24,2000.0,8490.493814813868,0.0,0.0
2022-12-25,2000.0,8490.493814813868,0.0,0.0
2022-12-26,2000.0,8490.493814813868,0.0,0.0
2022-12-27,2000.0,8490.493814813868,0.0,0.0
2022-12-28,2000.0,8490.493814813868,0.0,0.0
2022-12-29,2000.0,8490.493814813868,0.0,0.0
2022-12-30,2000.0,8490.493814813868,0.0,0.0
2022-12-31,2000.0,8490.493814813868,0.0,0.0
2023-01-01,2000.0,8490.493814813868,0.0,0.0
2023-01-02,2000.0,8490.493814813868,0.0,0.0
2023-01-03,2000.0,8490.493814813868,0.0,0.0
2023-01-04,2000.0,8490.493814813868,0.0,0.0
2023-01-05,2000.0,8490.493814813868,0.0,0.0
2023-01-06,2000.0,8490.493814813868,0.0,0.0
2023-01-07,2000.0,8490.493814813868,0.0,0.0
2023-01-08,2000.0,8490.493814813868,0.0,0.0
2023-01-09,2000.0,8490.493814813868,0.0,0.0
2023-01-10,2000.0,8490.493814813868,0.0,0.0
2023-01-11,2000.0,8490.493814813868,0.0,0.0
2023-01-12,2000.0,8490.493814813868,0.0,0.0
2023-01-13,2000.0,8490.493814813868,0.0,0.0
2023-01-14,2000.0,8490.493814813868,0.0,0.0
2023-01-15,2000.0,8490.493814813868,0.0,0.0
2023-01-16,2000.0,8490.493814813868,0.0,0.0
2023-01-17,2000.0,8490.493814813868,0.0,0.0
2023-01-18,2000.0,8490.493814813868,0.0,0.0
2023-01-19,2000.0,8490.493814813868,0.0,0.0
2023-01-20,2000.0,8490.493814813868,0.0,0.0
2023-01-21,2000.0,0.0,0.0,0.0
2023-01-22,1996.0079840319365,0.0,0.0,-0.0019960079840317347
2023-01-23,2014.3411523078628,0.0,0.0,0.0
2023-01-24,1989.4164114711093,0.0,0.0,-0.0123736442599094
2023-01-25,2027.041729975737,0.0,0.0,0.0
2023-01-26,2022.5333721060904,0.0,0.0,-0.0022241070832324105
2023-01-27,2028.2037594363871,0.0,0.0,0.0
2023-01-28,2023.6716687411442,0.0,0.0,-0.002234534214896794
2023-01-29,2086.9328338568566,0.0,0.0,0.0
2023-01-30,2006.403840636404,0.0,0.0,-0.03858724723383985
2023-01-31,2032.6839895127355,0.0,0.0,-0.025994532964371434
2023-02-01,2086.0854840837355,0.0,0.0,-0.0004060263748666554
2023-02-02,2064.662653512662,0.0,0.0,-0.010671249205005383
2023-02-03,2059.6488743571804,0.0,0.0,-0.013073712319362394
2023-02-04,2050.414168219822,0.0,0.0,-0.01749872590271371
2023-02-05,2015.7879756756613,0.0,0.0,-0.03409063148894574
2023-02-06,2000.8108047376784,0.0,0.0,-0.04126727402147212
2023-02-07,2042.8214220162715,0.0,0.0,-0.021136958087464124
2023-02-08,2018.4328672392735,0.0,0.0,-0.03282327322963647
2023-02-09,1915.8850858272324,0.0,0.0,-0.08196130956141565
2023-02-10,1900.8402323866246,0.0,0.0,-0.0891703836612291
2023-02-11,1921.7040230658877,0.0,0.0,-0.07917303715309798
2023-02-12,1914.7590951017467,0.0,0.0,-0.08250085290810055
2023-02-13,1913.9178982834094,0.0,0.0,-0.0829039309586685
2023-02-14,1951.3515961961903,0.0,0.0,-0.06496674711380095
2023-02-15,2138.0682830802357,0.0,0.0,0.0
2023-02-16,2067.1923969224586,0.0,0.0,-0.033149496074872255
2023-02-17,2159.684492230237,0.0,0.0,0.0
2023-02-18,2165.1324941947664,0.0,0.0,0.0
2023-02-19,2133.4720258565303,0.0,0.0,-0.014622878010064205
2023-02-20,2183.613333385511,0.0,0.0,0.0
2023-02-21,2149.3290693286363,0.0,0.0,-0.015700702836302885
2023-02-22,2125.6006387006155,0.0,0.0,-0.026567292751849794
2023-02-23,2104.3281160249817,0.0,0.0,-0.03630918356667301
2023-02-24,2037.972014652879,0.0,0.0,-0.06669739395061638
2023-02-25,2035.4914948813555,0.0,0.0,-0.06783336419479764
2023-02-26,2070.4560999386404,0.0,0.0,-0.051821094750062593
2023-02-27,2064.9395364779457,0.0,0.0,-0.05434744104789441
2023-02-28,2034.1290548934528,0.0,0.0,-0.06845730249333805
2023-03-01,2076.9712000614372,0.0,0.0,-0.04883746206052605
2023-03-02,2062.5864707698065,0.0,0.0,-0.05542504287059941
2023-03-03,1964.9320463981876,0.0,0.0,-0.10014652486494767
2023-03-04,1964.249068417155,0.0,0.0,-0.10045929909589342
2023-03-05,1971.6036073712078,0.0,0.0,-0.0970912399062886
2023-03-06,1969.824524445069,0.0,0.0,-0.097905982561931
2023-03-07,1951.1863454105605,0.0,0.0,-0.10644145848596358
2023-03-08,1907.8941555497981,0.0,0.0,-0.12626739982771268
2023-03-09,1789.8259851916946,0.0,0.0,-0.18033749023838475
2023-03-10,1771.2326348277556,0.0,0.0,-0.1888524365796912
2023-03-11,1798.04545378968,8490.493814813868,0.0,-0.17657333086441632
2023-03-12,1933.531760147964,0.0,0.0,-0.11452649121253364
2023-03-13,2119.559316096193,0.0,0.0,-0.02933395592982916
2023-03-14,2168.5131033518464,0.0,0.0,-0.0069152490520163895
2023-03-15,2134.69382687794,0.0,0.0,-0.022403007785139945
2023-03-16,2197.376614243949,0.0,0.0,0.0
2023-03-17,2408.014231341403,0.0,0.0,0.0
2023-03-18,2365.150990328445,0.0,0.0,-0.017800244057976658
2023-03-19,2458.7972041550083,0.0,0.0,0.0
2023-03-20,2436.307275425668,0.0,0.0,-0.009146719660871355
2023-03-21,2470.452658503131,0.0,0.0,0.0
2023-03-22,2395.342660460368,0.0,0.0,-0.03040333429755857
2023-03-23,2487.1482618129517,0.0,0.0,0.0
2023-03-24,2413.2301790112188,0.0,0.0,-0.02972001465962144
2023-03-25,2413.9755655336326,0.0,0.0,-0.029420319408695595
2023-03-26,2458.373529268448,0.0,0.0,-0.011569367611213162
2023-03-27,2384.2620678877865,0.0,0.0,-0.04136713339725413
2023-03-28,2396.230443936356,0.0,0.0,-0.03655504550031249
2023-03-29,2491.823628455309,0.0,0.0,0.0
2023-03-30,2463.68968220189,0.0,0.0,-0.011290504645731926
2023-03-31,2502.0867570351493,0.0,0.0,0.0
2023-04-01,2500.9765881933936,0.0,0.0,-0.0004436971814163591
2023-04-02,2476.2891756125973,0.0,0.0,-0.010310426427067953
2023-04-03,2443.6020428189613,0.0,0.0,-0.023374375029860874
2023-04-04,2475.7266197466247,0.0,0.0,-0.010535261103320039
2023-04-05,2476.125682814049,0.0,0.0,-0.01037576900485372
2023-04-06,2464.154669784858,0.0,0.0,-0.015160180654662405
2023-04-07,2452.9483811359737,0.0,0.0,-0.019638957666440852
2023-04-08,2455.7655554335397,0.0,0.0,-0.018513027764272227
2023-04-09,2489.6402085005025,0.0,0.0,-0.004974467212078354
2023-04-10,2605.1030420043203,0.0,0.0,0.0
2023-04-11,2654.597410287432,0.0,0.0,0.0
2023-04-12,2627.142047047342,0.0,0.0,-0.010342571394702378
2023-04-13,2669.8409162682115,0.0,0.0,0.0
2023-04-14,2678.0234671374924,0.0,0.0,0.0
2023-04-15,2662.918842136125,0.0,0.0,-0.005640213831849847
2023-04-16,2663.7591599609223,0.0,0.0,-0.00532643098599023
2023-04-17,2586.901722759482,0.0,0.0,-0.03402574529169811
2023-04-18,2670.3832552827503,0.0,0.0,-0.002852929389341256
2023-04-19,2531.246488750428,0.0,0.0,-0.05480795078467054
2023-04-20,2482.5985912468977,0.0,0.0,-0.07297354869689845
2023-04-21,2396.386025793039,0.0,0.0,-0.10516615884829873
2023-04-22,2445.0831469348423,0.0,0.0,-0.0869821803509576
2023-04-23,2425.1959180791664,0.0,0.0,-0.094408264961386
2023-04-24,2418.192976541347,0.0,0.0,-0.09702323141845921
2023-04-25,2487.621160337785,0.0,0.0,-0.07109807256589355
2023-04-26,2497.685636377453,0.0,0.0,-0.06733989935973196
2023-04-27,2590.6374453069566,0.0,0.0,-0.03263079017150723
2023-04-28,2576.4794963487966,0.0,0.0,-0.03791750596466391
2023-04-29,2569.337673831565,0.0,0.0,-0.040584331929734825
2023-04-30,2569.5802760487654,0.0,0.0,-0.040493741903106104
2023-05-01,2467.1819235386233,0.0,0.0,-0.07873028230937613
2023-05-02,2520.0621749400584,0.0,0.0,-0.05898428230215508
2023-05-03,2551.380714791008,0.0,0.0,-0.047289635023942275
2023-05-04,2534.855636228059,0.0,0.0,-0.05346026002619894
2023-05-05,2593.5240600942293,0.0,0.0,-0.03155290014451722
2023-05-06,2535.738145742804,0.0,0.0,-0.05313072239309962
2023-05-07,2498.9874258110553,0.0,0.0,-0.0668537985284373
2023-05-08,2432.06876857298,0.0,0.0,-0.09184187576496876
2023-05-09,2428.50708674654,0.0,0.0,-0.09317184238779555
2023-05-10,2425.912297814741,0.0,0.0,-0.09414076180304347
2023-05-11,2370.5242778420247,0.0,0.0,-0.1148231869768303
2023-05-12,2355.2640709839743,0.0,0.0,-0.12052149658662692
2023-05-13,2353.5298167284054,0.0,0.0,-0.12116908398712965
2023-05-14,2366.0414107850547,0.0,0.0,-0.11649713312105947
2023-05-15,2387.5345608393745,0.0,0.0,-0.10847138192131603
2023-05-16,2376.257073713703,0.0,0.0,-0.1126825052606219
2023-05-17,2408.9354165719333,0.0,0.0,-0.10048009431865963
2023-05-18,2357.5731870150844,0.0,0.0,-0.11965925020998174
2023-05-19,2362.757490917439,0.0,0.0,-0.11772338072789085
2023-05-20,2382.2860904085574,0.0,0.0,-0.11043121180900077
2023-05-21,2351.112584491804,0.0,0.0,-0.12207170200607681
2023-05-22,2360.0334899351747,0.0,0.0,-0.11874054917906057
2023-05-23,2392.5861367171015,0.0,0.0,-0.10658507437408363
2023-05-24,2314.3029719928363,0.0,0.0,-0.13581676919860325
2023-05-25,2327.0290404733882,0.0,0.0,-0.1310647314973972
2023-05-26,2347.433117530926,0.0,0.0,-0.12344565074328132
2023-05-27,2360.4729867054657,0.0,0.0,-0.11857643681197934
2023-05-28,2466.895371644394,0.0,0.0,-0.07883728357271298
2023-05-29,2438.0116439008575,0.0,0.0,-0.08962274833729544
2023-05-30,2434.3198710304114,0.0,0.0,-0.09100129222077838
2023-05-31,2391.7721886985223,0.0,0.0,-0.10688901047791813
2023-06-01,2357.2787241789893,0.0,0.0,-0.11976920549592622
2023-06-02,2394.6060638733597,0.0,0.0,-0.10583081393497801
2023-06-03,2379.3669528602836,0.0,0.0,-0.11152124615115461
2023-06-04,2383.4094441534216,0.0,0.0,-0.11001174059874097
2023-06-05,2261.492161081108,0.0,0.0,-0.1555368394518252
2023-06-06,2393.506442954091,0.0,0.0,-0.1062414230774154
2023-06-07,2315.210972320258,0.0,0.0,-0.1354777130482133
2023-06-08,2329.2107024411134,0.0,0.0,-0.13025007770720576
2023-06-09,2327.382395876702,0.0,0.0,-0.13093278515426396
2023-06-10,2271.4256670832287,0.0,0.0,-0.15182757173105402
2023-06-11,2278.8390986045006,0.0,0.0,-0.14905932432312674
2023-06-12,2277.049467755875,0.0,0.0,-0.14972758988188173
2023-06-13,2279.6038229848073,0.0,0.0,-0.14877376880440527
2023-06-14,2208.7877083877893,0.0,0.0,-0.17521719451221376
2023-06-15,2250.090735866214,0.0,0.0,-0.15979424247864815
2023-06-16,2315.7084826642276,0.0,0.0,-0.13529193784867724
2023-06-17,2330.826292568704,0.0,0.0,-0.12964680064581482
2023-06-18,2315.266348913315,0.0,0.0,-0.13545703488996086
2023-06-19,2359.601025113208,0.0,0.0,-0.11890203574826864
2023-06-20,2488.2540356870045,0.0,0.0,-0.07086175075729646
2023-06-21,2636.4435566937846,0.0,0.0,-0.015526342824826738
2023-06-22,2626.8651640820585,0.0,0.0,-0.019103007752996417
2023-06-23,2697.499327016176,0.0,0.0,0.0
2023-06-24,2683.341378058016,0.0,0.0,-0.005248545872232234
2023-06-25,2677.648136895664,0.0,0.0,-0.00735910846082408
2023-06-26,2660.536769641147,0.0,0.0,-0.013702527005229892
2023-06-27,2697.8456504711653,0.0,0.0,0.0
2023-06-28,2643.784910744728,0.0,0.0,-0.020038485047132196
2023-06-29,2676.29888181087,0.0,0.0,-0.007986657300625073
2023-06-30,2678.4691168625677,0.0,0.0,-0.00718222467812922
2023-07-01,2688.480853289801,0.0,0.0,-0.00347121310654997
2023-07-02,2691.2171601816335,0.0,0.0,-0.002456956827153603
2023-07-03,2738.609854909213,0.0,0.0,0.0
2023-07-04,2704.356355626259,0.0,0.0,-0.012507622880839194
2023-07-05,2681.3530946692185,0.0,0.0,-0.02090723515704744
2023-07-06,2627.7889862932107,0.0,0.0,-0.04046610305492973
2023-07-07,2667.2795290909544,0.0,0.0,-0.02604618021453198
2023-07-08,2661.999414892676,0.0,0.0,-0.02797420738087445
2023-07-09,2651.1069269377795,0.0,0.0,-0.03195158588017801
2023-07-10,2673.1573588968286,0.0,0.0,-0.023899897933637674
2023-07-11,2691.662809906709,0.0,0.0,-0.017142655394432046
2023-07-12,2670.3823762892102,0.0,0.0,-0.02491317939928489
2023-07-13,2764.806499399189,0.0,0.0,0.0
2023-07-14,2664.4060992067903,0.0,0.0,-0.03631371678785343
2023-07-15,2662.429242734021,0.0,0.0,-0.037028723958589894
2023-07-16,2657.372392895051,0.0,0.0,-0.038857730740825526
2023-07-17,2649.110732607117,0.0,0.0,-0.041845882095985165
2023-07-18,2624.5982397408966,0.0,0.0,-0.050711780259761564
2023-07-19,2629.000239392133,0.0,0.0,-0.049119625563874836
2023-07-20,2619.4007509354333,0.0,0.0,-0.05259165460416605
2023-07-21,2628.341873230237,0.0,0.0,-0.04935774933927798
2023-07-22,2618.8733548110836,0.0,0.0,-0.05278240796229954
2023-07-23,2644.3421926494575,0.0,0.0,-0.0435706103757746
2023-07-24,2564.595503680123,0.0,0.0,-0.07241410773686086
2023-07-25,2569.202308826315,0.0,0.0,-0.07074787715356573
2023-07-26,2580.018324343181,0.0,0.0,-0.06683584370051338
2023-07-27,2568.663485785938,0.0,0.0,-0.0709427635011253
2023-07-28,2576.693970772699,0.0,0.0,-0.06803822570128079
2023-07-29,2580.100949735996,0.0,0.0,-0.06680595900773911
2023-07-30,2573.788897121074,0.0,0.0,-0.0690889587823322
2023-07-31,2569.4958926688696,0.0,0.0,-0.07064169111753808
2023-08-01,2611.1373326604185,0.0,0.0,-0.05558044180385273
2023-08-02,2565.431426537217,0.0,0.0,-0.0721117636642194
2023-08-03,2566.102098608681,0.0,0.0,-0.07186918897712649
2023-08-04,2559.100915057943,0.0,0.0,-0.07440143980634706
2023-08-05,2555.421448097065,0.0,0.0,-0.0757322624015911
2023-08-06,2556.8533285746735,0.0,0.0,-0.075214367034259
2023-08-07,2567.633305356376,0.0,0.0,-0.07131536839401244
2023-08-08,2616.8006880423904,0.0,0.0,-0.05353206865976374
2023-08-09,2600.2378127571974,0.0,0.0,-0.0595226778719427
2023-08-10,2589.1413983008856,0.0,0.0,-0.06353612852706923
2023-08-11,2586.5290294982747,0.0,0.0,-0.06448099349435668
2023-08-12,2586.8929328240756,0.0,0.0,-0.0643493736772447
2023-08-13,2575.7886074258986,0.0,0.0,-0.06836568563274324
2023-08-14,2586.95973633316,0.0,0.0,-0.06432521158521444
2023-08-15,2566.6611385004917,0.0,0.0,-0.07166699041750499
2023-08-16,2525.39327076369,0.0,0.0,-0.08659312276917931
2023-08-17,2340.1805418275812,0.0,0.0,-0.15358252292299
2023-08-18,2290.129770633281,0.0,0.0,-0.17168533453211215
2023-08-19,2294.1740199135,0.0,0.0,-0.1702225741974928
2023-08-20,2302.0832037916607,0.0,0.0,-0.16736190967001888
2023-08-21,2296.5393915312075,0.0,0.0,-0.16936704538626446
2023-08-22,2290.3055693413976,0.0,0.0,-0.17162175007940106
2023-08-23,2323.4190140022165,0.0,0.0,-0.15964498256673254
2023-08-24,2301.2094842123215,0.0,0.0,-0.16767792439999332
2023-08-25,2290.658045751171,0.0,0.0,-0.1714942632517153
2023-08-26,2286.910017294128,0.0,0.0,-0.17284988378351648
2023-08-27,2294.328722776643,0.0,0.0,-0.17016661987910678
2023-08-28,2295.9311280011248,0.0,0.0,-0.16958704759264487
2023-08-29,2436.248382858449,0.0,0.0,-0.11883584497220245
2023-08-30,2399.651486796303,0.0,0.0,-0.13207253841534178
2023-08-31,2280.1778057668075,0.0,0.0,-0.17528485040008926
2023-09-01,2268.2472264404832,0.0,0.0,-0.17960000928333006
2023-09-02,2273.913218803077,0.0,0.0,-0.17755068237245034
2023-09-03,2282.8525831107995,0.0,0.0,-0.17431741295208947
2023-09-04,2270.0904758950846,0.0,0.0,-0.1789333262966538
2023-09-05,2267.108929805429,0.0,0.0,-0.1800117186146347
2023-09-06,2264.2829655724568,0.0,0.0,-0.18103383869196604
2023-09-07,2307.7975407989866,0.0,0.0,-0.16529509703464362
2023-09-08,2277.516213325924,0.0,0.0,-0.17624751901413577
2023-09-09,2276.7347880683465,0.0,0.0,-0.17653015190643673
2023-09-10,2271.4608268248526,0.0,0.0,-0.17843768548777053
2023-09-11,2211.769254477445,0.0,0.0,-0.20002746848357114
2023-09-12,2271.3280988002243,8490.493814813868,0.0,-0.17848569174956755
2023-09-13,2304.896862115065,0.0,0.0,-0.16634424050437727
2023-09-14,2331.330834860998,0.0,0.0,-0.15678336427246825
2023-09-15,2338.122817949078,0.0,0.0,-0.1543267789419737
2023-09-16,2334.5778369999093,0.0,0.0,-0.15560895943089367
2023-09-17,2331.750993773396,0.0,0.0,-0.15663139743048873
2023-09-18,2352.4073419770816,0.0,0.0,-0.149160224236931
2023-09-19,2391.764277756657,0.0,0.0,-0.13492525488622673
2023-09-20,2384.269978829652,0.0,0.0,-0.1376358601053022
2023-09-21,2335.3170705675393,0.0,0.0,-0.1553415868072433
2023-09-22,2336.377136777481,0.0,0.0,-0.15495817255739536
2023-09-23,2336.009717477518,0.0,0.0,-0.15509106406356157
2023-09-24,2307.215647075121,0.0,0.0,-0.16550556157311747
2023-09-25,2312.1758076246274,0.0,0.0,-0.1637115262398729
2023-09-26,2304.8678553282252,0.0,0.0,-0.1663547319390747
2023-09-27,2318.168785584318,0.0,0.0,-0.1615439322469505
2023-09-28,2375.162726755678,0.0,0.0,-0.14092985267800234
2023-09-29,2365.104403670794,0.0,0.0,-0.14456783713986956
2023-09-30,2369.991607756432,0.0,0.0,-0.1428001893545001
2023-10-01,2460.5288214299558,0.0,0.0,-0.11005387828600471
2023-10-02,2416.7496691477104,0.0,0.0,-0.1258883145446575
2023-10-03,2410.7681181040475,0.0,0.0,-0.12805177554815364
2023-10-04,2441.718359661493,0.0,0.0,-0.11685741472609562
2023-10-05,2409.355575484332,0.0,0.0,-0.1285626766256875
2023-10-06,2455.1247691424555,0.0,0.0,-0.1120084643623448
2023-10-07,2457.3732346192646,0.0,0.0,-0.11119521921216965
2023-10-08,2453.890662211478,0.0,0.0,-0.11245482722037697
2023-10-09,2425.1537263892183,0.0,0.0,-0.12284865978280196
2023-10-10,2407.573855577571,0.0,0.0,-0.12920710505391494
2023-10-11,2362.3408479792033,0.0,0.0,-0.14556738473648845
2023-10-12,2352.154191837394,0.0,0.0,-0.14925178584883494
2023-10-13,2361.1524487123356,8490.493814813868,0.0,-0.1459972156368158
2023-10-14,2360.315646861701,0.0,0.0,-0.14629987763172078
2023-10-15,2386.8322450004493,0.0,0.0,-0.1367091167070375
2023-10-16,2505.200152155892,0.0,0.0,-0.09389675092984309
2023-10-17,2495.9821468958044,0.0,0.0,-0.09723080170775128
2023-10-18,2489.309706929244,0.0,0.0,-0.09964414961040212
2023-10-19,2523.916561615512,0.0,0.0,-0.0871272321719527
2023-10-20,2607.8894515279667,0.0,0.0,-0.05675516456769083
2023-10-21,2629.0521000110275,0.0,0.0,-0.04910086815032506
2023-10-22,2636.317860617481,0.0,0.0,-0.04647292271977414
2023-10-23,2906.8307597123244,0.0,0.0,0.0
2023-10-24,2981.786054891945,0.0,0.0,0.0
2023-10-25,3032.1805125606124,0.0,0.0,0.0
2023-10-26,3001.9088540164967,0.0,0.0,-0.009983461874620387
2023-10-27,2979.0866657288157,0.0,0.0,-0.017510120723967106
2023-10-28,2995.6978856587416,0.0,0.0,-0.01203181233793434
2023-10-29,3034.80342928571,0.0,0.0,0.0
2023-10-30,3030.306498332091,0.0,0.0,-0.0014817865665446115
2023-10-31,3044.813407725862,0.0,0.0,0.0
2023-11-01,3113.520816819023,0.0,0.0,0.0
2023-11-02,3071.3431907677186,0.0,0.0,-0.013546601591183744
2023-11-03,3051.5825369818867,0.0,0.0,-0.019893324464879084
2023-11-04,3081.933304944655,0.0,0.0,-0.010145270814871182
2023-11-05,3077.521636364472,0.0,0.0,-0.011562209656696569
2023-11-06,3080.528673266804,0.0,0.0,-0.01059641013928588
2023-11-07,3111.5597822299837,0.0,0.0,-0.0006298447013573187
2023-11-08,3131.389876505522,0.0,0.0,0.0
2023-11-09,3226.002104233185,0.0,0.0,0.0
2023-11-10,3278.789182319318,0.0,0.0,0.0
2023-11-11,3263.703016182303,0.0,0.0,-0.00460113941401486
2023-11-12,3257.9130857304867,0.0,0.0,-0.006367013988396856
2023-11-13,3205.0679940706755,0.0,0.0,-0.022484272135024696
2023-11-14,3124.92663700162,0.0,0.0,-0.04692663564568079
2023-11-15,3327.7113258075105,0.0,0.0,0.0
2023-11-16,3178.749169478559,0.0,0.0,-0.044764146208747246
2023-11-17,3218.3399175399286,0.0,0.0,-0.03286685579346088
2023-11-18,3214.31236913698,0.0,0.0,-0.03407716161888314
2023-11-19,3283.9075617061294,0.0,0.0,-0.013163330533411463
2023-11-20,3291.7235722689875,0.0,0.0,-0.01081456593287586
2023-11-21,3141.667947975551,0.0,0.0,-0.055907306739358946
2023-11-22,3288.168922390872,0.0,0.0,-0.011882762519084518
2023-11-23,3278.14312206699,0.0,0.0,-0.014895584047841668
2023-11-24,3314.998442230068,0.0,0.0,-0.0038203084140291184
2023-11-25,3320.896488887375,0.0,0.0,-0.002047905077367744
2023-11-26,3291.604908141009,0.0,0.0,-0.010850225314462834
2023-11-27,3273.6092733846663,0.0,0.0,-0.016258036568035462
2023-11-28,3324.2542442124004,0.0,0.0,-0.0010388766502368518
2023-11-29,3327.398404107063,0.0,0.0,-9.403510996303078e-05
2023-11-30,3315.911716518733,0.0,0.0,-0.0035458632475922846
2023-12-01,3400.1685213447954,0.0,0.0,0.0
2023-12-02,3467.660282371331,0.0,0.0,0.0
2023-12-03,3513.5358342478653,0.0,0.0,0.0
2023-12-04,3690.990566194794,0.0,0.0,0.0
2023-12-05,3874.0163592019344,0.0,0.0,0.0
2023-12-06,3846.712182850825,0.0,0.0,-0.007048028149456345
2023-12-07,3803.681054071615,0.0,0.0,-0.01815565516734387
2023-12-08,3882.601489112802,0.0,0.0,0.0
2023-12-09,3842.3972035601055,0.0,0.0,-0.010354986383597012
2023-12-10,3849.069643526667,0.0,0.0,-0.008636437625690356
2023-12-11,3626.1472127060338,0.0,0.0,-0.066052175873803
2023-12-12,3647.154279332411,0.0,0.0,-0.06064161115700598
2023-12-13,3768.160046103141,0.0,0.0,-0.0294754543649576
2023-12-14,3781.628864125485,0.0,0.0,-0.026006435445526457
2023-12-15,3686.525279008636,0.0,0.0,-0.05050124527433037
2023-12-16,3716.211527854724,0.0,0.0,-0.04285527673253409
2023-12-17,3636.8050093855945,0.0,0.0,-0.06330716155558203
2023-12-18,3749.5930655454204,0.0,0.0,-0.03425755229846546
2023-12-19,3716.0322131724447,0.0,0.0,-0.042901460890960356
2023-12-20,3838.4707394143243,0.0,0.0,-0.011366283617369626
2023-12-21,3855.4238878315364,0.0,0.0,-0.0069998431096970236
2023-12-22,3864.8502145607417,0.0,0.0,-0.004572005291255521
2023-12-23,3841.39163494968,0.0,0.0,-0.010613979899476845
2023-12-24,3778.9250799946535,0.0,0.0,-0.02670282010885418
2023-12-25,3830.3136793577196,0.0,0.0,-0.01346721003989274
2023-12-26,3736.507488706771,0.0,0.0,-0.03762786389890727
2023-12-27,3817.367862492023,0.0,0.0,-0.016801525163914068
2023-12-28,3741.3270102897836,0.0,0.0,-0.03638655144473776
2023-12-29,3697.6577322001112,0.0,0.0,-0.047633978772040175
2023-12-30,3704.103391833202,0.0,0.0,-0.04597383939096672
2023-12-31,3716.6993692697474,0.0,0.0,-0.04272962865446287
2024-01-01,3883.353907583541,0.0,0.0,0.0
2024-01-02,3950.804355913669,0.0,0.0,0.0
2024-01-03,3766.0680414765557,0.0,0.0,-0.04675916542427497
2024-01-04,3880.853170960584,0.0,0.0,-0.017705555287337926
2024-01-05,3880.3266538297753,0.0,0.0,-0.017838823625472833
2024-01-06,3864.7869270258198,0.0,0.0,-0.021772130720443324
2024-01-07,3861.3324824113306,0.0,0.0,-0.022646495610043196
2024-01-08,4126.966088362401,0.0,0.0,0.0
2024-01-09,4053.0392156252624,0.0,0.0,-0.01791312822889542
2024-01-10,4100.855585239402,0.0,0.0,-0.006326803410531489
2024-01-11,4073.182231601248,0.0,0.0,-0.013032299178037256
2024-01-12,3760.574331847916,0.0,0.0,-0.08877992904949485
2024-01-13,3766.310643693756,0.0,0.0,-0.08738997048840659
2024-01-14,3668.2466083322256,0.0,0.0,-0.11115174445550081
2024-01-15,3736.698230305077,0.0,0.0,-0.09456531740297976
2024-01-16,3791.797940396482,0.0,0.0,-0.08121417544744483
2024-01-17,3759.9915591305094,0.0,0.0,-0.08892113997900788
2024-01-18,3632.6605548417488,0.0,0.0,-0.1197745566445386
2024-01-19,3661.8018276926755,0.0,0.0,-0.11271337120540888
2024-01-20,3665.054982786371,0.0,0.0,-0.11192510325649863
2024-01-21,3654.884148528293,0.0,0.0,-0.11438958540641474
2024-01-22,3478.0033993633633,0.0,0.0,-0.15724933888578402
2024-01-23,3506.973268473877,0.0,0.0,-0.15022968607298154
2024-01-24,3523.435059501903,0.0,0.0,-0.14624085004293838
2024-01-25,3512.553998463034,0.0,0.0,-0.14887742635732887
2024-01-26,3676.2595134481744,0.0,0.0,-0.1092101474216545
2024-01-27,3702.3761695259573,0.0,0.0,-0.10288185309633183
2024-01-28,3694.503024382961,0.0,0.0,-0.10478958506563434
2024-01-29,3806.2793589775765,0.0,0.0,-0.07770520099235283
2024-01-30,3774.4949525501183,0.0,0.0,-0.08540684082823294
2024-01-31,3742.7544957996893,0.0,0.0,-0.09309783127274707
2024-02-01,3786.962596929739,0.0,0.0,-0.0823858214855303
2024-02-02,3797.252095315796,0.0,0.0,-0.07989258597892601
2024-02-03,3780.647028340654,0.0,0.0,-0.0839161390248225
2024-02-04,3743.0076459393767,0.0,0.0,-0.09303649077847904
2024-02-05,3754.067142666984,0.0,0.0,-0.09035667793514263
2024-02-06,3788.369865588211,0.0,0.0,-0.0820448279739916
2024-02-07,3898.3011927411435,0.0,0.0,-0.05540750535025424
2024-02-08,3980.8430811695307,0.0,0.0,-0.03540688342579829
2024-02-09,4142.940037975404,0.0,0.0,0.0
2024-02-10,4197.289966576693,0.0,0.0,0.0
2024-02-11,4245.537922019259,0.0,0.0,0.0
2024-02-12,4387.695789350562,0.0,0.0,0.0
2024-02-13,4368.5618579591655,0.0,0.0,-0.00436081540516939
2024-02-14,4552.761986336524,0.0,0.0,0.0
2024-02-15,4560.218488541284,0.0,0.0,0.0
2024-02-16,4581.67559986044,0.0,0.0,0.0
2024-02-17,4539.354697862022,0.0,0.0,-0.009236992247925168
2024-02-18,4582.8675151014695,0.0,0.0,0.0
2024-02-19,4550.9653235395745,0.0,0.0,-0.006961185645618364
2024-02-20,4593.516521845625,0.0,0.0,0.0
2024-02-21,4557.527889313562,0.0,0.0,-0.007834658340926844
2024-02-22,4508.218988667513,0.0,0.0,-0.018569114266261552
2024-02-23,4460.378007234237,0.0,0.0,-0.02898400691022102
2024-02-24,4532.8132279330075,0.0,0.0,-0.013214994138788372
2024-02-25,4546.932501175382,0.0,0.0,-0.010141254624578188
2024-02-26,4788.446524372873,0.0,0.0,0.0
2024-02-27,5013.545343199987,0.0,0.0,0.0
2024-02-28,5487.741262499197,0.0,0.0,0.0
2024-02-29,5373.373654946945,0.0,0.0,-0.020840561185672048
2024-03-01,5483.856111049823,0.0,0.0,-0.0007079691376710786
2024-03-02,5448.6418718270115,0.0,0.0,-0.007124860448391235
2024-03-03,5547.677195050886,0.0,0.0,0.0
2024-03-04,5998.753826245698,0.0,0.0,0.0
2024-03-05,5601.299317000572,0.0,0.0,-0.0662561793261438
2024-03-06,5807.865436018048,0.0,0.0,-0.03182134085790901
2024-03-07,5873.713479123695,0.0,0.0,-0.02084438714169731
2024-03-08,5988.072296740542,0.0,0.0,-0.0017806247454967671
2024-03-09,6004.692306605873,0.0,0.0,0.0
2024-03-10,6061.177310517236,0.0,0.0,0.0
2024-03-11,6335.6184317449415,0.0,0.0,0.0
2024-03-12,6280.58552516262,0.0,0.0,-0.008686272251904633
2024-03-13,6423.017638478586,0.0,0.0,0.0
2024-03-14,6275.041712902167,0.0,0.0,-0.02303838069662692
2024-03-15,6108.991922144294,0.0,0.0,-0.04889068254352095
2024-03-16,5739.883196595868,0.0,0.0,-0.10635724208357177
2024-03-17,6011.7427137948835,0.0,0.0,-0.06403141760344304
2024-03-18,5942.8744488837965,0.0,0.0,-0.07475352188329361
2024-03-19,5444.257452046587,0.0,0.0,-0.1523832319202283
2024-03-20,5963.1370079813005,0.0,0.0,-0.0715988428464315
2024-03-21,5757.519322994112,0.0,0.0,-0.10361147251062351
2024-03-22,5607.683447085822,0.0,0.0,-0.1269394289855775
2024-03-23,5624.680545180063,0.0,0.0,-0.12429314976747048
2024-03-24,5907.714707260502,0.0,0.0,-0.08022754415791135
2024-03-25,6142.407740583073,0.0,0.0,-0.04368817177372427
2024-03-26,6151.899991827822,0.0,0.0,-0.0422103226101343
2024-03-27,6106.367247432116,0.0,0.0,-0.04929931830632111
2024-03-28,6221.569019854381,0.0,0.0,-0.03136354747297916
2024-03-29,6139.817346618976,0.0,0.0,-0.0440914703648068
2024-03-30,6116.228675963908,0.0,0.0,-0.047763991908847836
2024-03-31,6265.466836264603,0.0,0.0,-0.024529093812562196
2024-04-01,6122.172430285327,0.0,0.0,-0.04683860844332354
2024-04-02,5754.2424350748215,0.0,0.0,-0.10412165138661786
2024-04-03,5798.1297035625585,0.0,0.0,-0.09728883993288309
2024-04-04,6020.032501876115,0.0,0.0,-0.06274078000164515
2024-04-05,5961.388689829082,0.0,0.0,-0.07187103860403689
2024-04-06,6055.913897196228,0.0,0.0,-0.05715440341984075
2024-04-07,6096.733478227333,0.0,0.0,-0.050799200409566383
2024-04-08,6295.3517376508635,0.0,0.0,-0.019876311729693927
2024-04-09,6077.888735710787,0.0,0.0,-0.05373313949820474
2024-04-10,6208.426308435593,0.0,0.0,-0.03340973699923139
2024-04-11,6153.502397052303,0.0,0.0,-0.04196084404496868
2024-04-12,5899.498754636679,0.0,0.0,-0.08150668631293258
2024-04-13,5618.923137489249,0.0,0.0,-0.12518952091493907
2024-04-14,5771.633322275244,0.0,0.0,-0.10141406311903503
2024-04-15,5574.576155379787,0.0,0.0,-0.13209390520991446
2024-04-16,5607.397774185132,0.0,0.0,-0.12698390541655888
2024-04-17,5386.24124138753,0.0,0.0,-0.16141577922501807
2024-04-18,5578.9790340245645,0.0,0.0,-0.13140842077057543
2024-04-19,5609.561856282046,0.0,0.0,-0.1266469793455561
2024-04-20,5708.235913160741,0.0,0.0,-0.11128440953295515
2024-04-21,5708.285136799013,0.0,0.0,-0.11127674590177071
2024-04-22,5873.375066610572,0.0,0.0,-0.08557388486297354
2024-04-23,5837.747700423686,0.0,0.0,-0.09112071163384389
2024-04-24,5651.013433668829,0.0,0.0,-0.12019338078489558
2024-04-25,5669.362423828486,0.0,0.0,-0.11733662541032945
2024-04-26,5605.3426872872515,0.0,0.0,-0.12730386201851016
2024-04-27,5578.267049256693,0.0,0.0,-0.1315192697216364
2024-04-28,5548.0859270472565,0.0,0.0,-0.13621817044216836
2024-04-29,5613.780146283301,0.0,0.0,-0.1259902335231588
2024-04-30,5333.029609421295,0.0,0.0,-0.16970030138598147
2024-05-01,5130.243162628323,0.0,0.0,-0.20127213540650984
2024-05-02,5191.389469285395,0.0,0.0,-0.19175226326872213
2024-05-03,5527.288060883538,0.0,0.0,-0.13945619146816157
2024-05-04,5616.069045462978,0.0,0.0,-0.1256338746730812
2024-05-05,5626.613451975803,0.0,0.0,-0.12399221539292338
2024-05-06,5552.179399965749,0.0,0.0,-0.13558085739884587
2024-05-07,5477.191582025127,0.0,0.0,-0.14725571525559383
2024-05-08,5378.827809866258,0.0,0.0,-0.16256997682162133
2024-05-09,5544.164736862719,0.0,0.0,-0.13682866077634503
2024-05-10,5344.279847747209,0.0,0.0,-0.16794875110866067
2024-05-11,5346.565230952723,0.0,0.0,-0.16759293966081049
2024-05-12,5404.403005923043,0.0,0.0,-0.15858817301906428
2024-05-13,5532.392376373699,0.0,0.0,-0.13866150028444396
2024-05-14,5412.621595527487,0.0,0.0,-0.15730862031237242
2024-05-15,5819.508584456603,0.0,0.0,-0.09396036068880173
2024-05-16,5734.132820853379,0.0,0.0,-0.10725251842658541
2024-05-17,5891.366306399211,0.0,0.0,-0.08277282766505174
2024-05-18,5881.802856677674,0.0,0.0,-0.0842617617237479
2024-05-19,5825.442669849073,0.0,0.0,-0.09303648257940328
2024-05-20,6280.111747644246,0.0,0.0,-0.022249026684627072
2024-05-21,6165.993774257519,0.0,0.0,-0.040016060781353856
2024-05-22,6079.701220391467,0.0,0.0,-0.05345095364994826
2024-05-23,5974.488330564381,0.0,0.0,-0.06983155475507122
2024-05-24,6025.499841698538,0.0,0.0,-0.06188956953794196
2024-05-25,6090.596345326987,0.0,0.0,-0.0517546909976009
2024-05-26,6021.779941034793,0.0,0.0,-0.062468721094596544
2024-05-27,6103.4173451099205,0.0,0.0,-0.049758588775161657
2024-05-28,6012.17429962331,0.0,0.0,-0.06396422398002206
2024-05-29,5946.604018476487,0.0,0.0,-0.0741728649705136
2024-05-30,6008.111591478738,0.0,0.0,-0.06459674725385417
2024-05-31,5936.7232520868,0.0,0.0,-0.07571120208023814
2024-06-01,5956.662341561371,0.0,0.0,-0.07260688404830229
2024-06-02,5956.555104349421,0.0,0.0,-0.0726235798162398
2024-06-03,6048.345762811814,0.0,0.0,-0.05833268671445226
2024-06-04,6200.230572663202,0.0,0.0,-0.03468573159144486
2024-06-05,6250.347268373046,0.0,0.0,-0.02688306024120472
2024-06-06,6223.191641930294,0.0,0.0,-0.031110921345005784
2024-06-07,6096.312440321394,0.0,0.0,-0.050864751826304885
2024-06-08,6092.344663479205,0.0,0.0,-0.05148249523999551
2024-06-09,6122.02651735759,0.0,0.0,-0.046861325635763305
2024-06-10,6112.521081209732,0.0,0.0,-0.04834122755770624
2024-06-11,5916.878214921074,0.0,0.0,-0.07880087710258901
2024-06-12,6000.360626437883,0.0,0.0,-0.06580349546429357
2024-06-13,5869.304447524133,0.0,0.0,-0.08620763979181766
2024-06-14,5805.224060428599,0.0,0.0,-0.09618431908842205
2024-06-15,5821.420395407369,0.0,0.0,-0.09366271072761945
2024-06-16,5860.853803624975,0.0,0.0,-0.08752332104552196
2024-06-17,5845.687649075767,0.0,0.0,-0.08988454055367831
2024-06-18,5728.868528538831,0.0,0.0,-0.10807211641165254
2024-06-19,5711.2051533408285,0.0,0.0,-0.11082212835186363
2024-06-20,5702.030218764229,0.0,0.0,-0.11225057446442523
2024-06-21,5638.177490995705,0.0,0.0,-0.12219180946680162
2024-06-22,5648.589169483904,0.0,0.0,-0.12057081462073031
2024-06-23,5556.119049014639,0.0,0.0,-0.13496749320297502
2024-06-24,5299.7421240394415,0.0,0.0,-0.1748828319744758
2024-06-25,5432.708355916876,0.0,0.0,-0.15418131138688326
2024-06-26,5349.993305760994,0.0,0.0,-0.1670592224890353
2024-06-27,5423.958854213919,0.0,0.0,-0.1555435218299219
2024-06-28,5311.568103134437,0.0,0.0,-0.17304164458240812
2024-06-29,5360.689778156341,0.0,0.0,-0.16539388806253968
2024-06-30,5517.619131937132,0.0,0.0,-0.14096154759368143
2024-07-01,5528.868491269504,0.0,0.0,-0.13921013416691755
2024-07-02,5461.667677104902,0.0,0.0,-0.14967263294039435
2024-07-03,5292.295290763628,0.0,0.0,-0.17604222989223975
2024-07-04,5014.659028015905,0.0,0.0,-0.2192674362320882
2024-07-05,4977.634062099495,0.0,0.0,-0.2250318553883744
2024-07-06,5118.39081372711,0.0,0.0,-0.2031174283152836
2024-07-07,4909.865418107676,0.0,0.0,-0.23558275962158637
2024-07-08,4985.178463658313,0.0,0.0,-0.22385726705879833
2024-07-09,5102.5575030806,0.0,0.0,-0.20558251739610076
2024-07-10,5074.064927462623,0.0,0.0,-0.21001852819689412
2024-07-11,5040.139292770306,0.0,0.0,-0.21530041228967275
2024-07-12,5088.41449701263,0.0,0.0,-0.2077844428560658
2024-07-13,5203.995115650886,0.0,0.0,-0.18978968943271485
2024-07-14,5344.0970170907685,0.0,0.0,-0.16797721602448856
2024-07-15,5689.210097974836,0.0,0.0,-0.11424653983630768
2024-07-16,5717.324706370362,0.0,0.0,-0.10986937477496654
2024-07-17,5633.292923890689,0.0,0.0,-0.12295228801130283
2024-07-18,5624.496835530081,0.0,0.0,-0.12432175153385543
2024-07-19,5859.370941522013,0.0,0.0,-0.08775418793495389
2024-07-20,5901.559115495804,0.0,0.0,-0.08118590860764006
2024-07-21,5991.689355160037,0.0,0.0,-0.06715352620777136
2024-07-22,5936.0200572543345,0.0,0.0,-0.07582068252573046
2024-07-23,5795.73268817739,0.0,0.0,-0.09766203140145525
2024-07-24,5746.508170911237,0.0,0.0,-0.1053257994364769
2024-07-25,5783.773102064227,0.0,0.0,-0.09952402007816637
2024-07-26,5969.068456393151,0.0,0.0,-0.0706753752887034
2024-07-27,5968.058492815021,0.0,0.0,-0.0708326165785419
2024-07-28,5999.120366552122,0.0,0.0,-0.06599659160003069
2024-07-29,5870.331111979534,0.0,0.0,-0.08604779834139865
2024-07-30,5817.882446406526,0.0,0.0,-0.09421353421900279
2024-07-31,5680.759454075677,0.0,0.0,-0.11556222109001199
2024-08-01,5744.576143109037,0.0,0.0,-0.10562659696046721
2024-08-02,5405.663482660238,0.0,0.0,-0.15839192932051926
2024-08-03,5335.314113633269,0.0,0.0,-0.1693446267886882
2024-08-04,5112.314331381065,0.0,0.0,-0.20406347621489426
2024-08-05,4748.21850599458,0.0,0.0,-0.26074957702914153
2024-08-06,4924.2984920440385,8490.493814813868,0.0,-0.2333356734778558
2024-08-07,4846.257050543434,8490.493814813868,0.0,-0.24548595016915412
2024-08-08,5422.158675442806,8490.493814813868,0.0,-0.15582379177038233
2024-08-09,5347.620023201422,0.0,0.0,-0.167428718992572
2024-08-10,5355.137175960483,0.0,0.0,-0.16625837303025864
2024-08-11,5160.798736086047,0.0,0.0,-0.19651493634875333
2024-08-12,5216.5313215266715,0.0,0.0,-0.1878379267906999
2024-08-13,5325.571349229454,0.0,0.0,-0.1708614783609847
2024-08-14,5158.232074947547,0.0,0.0,-0.1969145399748004
2024-08-15,5057.822005826201,0.0,0.0,-0.2125473896372107
2024-08-16,5175.039310437021,0.0,0.0,-0.19429782047697636
2024-08-17,5229.307492639036,0.0,0.0,-0.18584880394666065
2024-08-18,5135.726324334476,0.0,0.0,-0.2004184616327832
2024-08-19,5224.605756190461,0.0,0.0,-0.18658081757533396
2024-08-20,5187.274900521928,0.0,0.0,-0.1923928607254093
2024-08-21,5375.575533766103,0.0,0.0,-0.16307632388202345
2024-08-22,5306.997336723408,0.0,0.0,-0.1737532674781085
2024-08-23,5628.832031672233,0.0,0.0,-0.12364680458739506
2024-08-24,5639.359737307788,0.0,0.0,-0.12200774546781758
2024-08-25,5644.896517619916,0.0,0.0,-0.12114572381012219
2024-08-26,5523.068012895202,0.0,0.0,-0.14011321099167257
2024-08-27,5222.5401213700925,0.0,0.0,-0.18690241638396773
2024-08-28,5189.129576892557,0.0,0.0,-0.19210410605042316
2024-08-29,5217.618636536372,0.0,0.0,-0.18766864265185734
2024-08-30,5196.960530345606,0.0,0.0,-0.19088490443930894
2024-08-31,5183.77562723687,0.0,0.0,-0.1929376627922907
2024-09-01,5036.796480335472,0.0,0.0,-0.21582085495743206
2024-09-02,5197.676031087639,8490.493814813868,0.0,-0.1907735080860206
2024-09-03,5053.134333274276,0.0,0.0,-0.213277213656974
2024-09-04,5095.604664174594,8490.493814813868,0.0,-0.20666500530090637
2024-09-05,4938.185710991699,8490.493814813868,0.0,-0.23117357152993867
2024-09-06,4743.3102060639685,8490.493814813868,0.0,-0.26151375053867804
2024-09-07,4760.704609238553,8490.493814813868,0.0,-0.2588056148688678
2024-09-08,4813.387095883291,8490.493814813868,0.0,-0.25060347537463196
2024-09-09,4813.387095883291,8490.493814813868,0.0,-0.25060347537463196
2024-09-10,4813.387095883291,8490.493814813868,0.0,-0.25060347537463196
2024-09-11,4813.387095883291,8490.493814813868,0.0,-0.25060347537463196
2024-09-12,4813.387095883291,8490.493814813868,0.0,-0.25060347537463196
2024-09-13,4813.387095883291,8490.493814813868,0.0,-0.25060347537463196
2024-09-14,4813.387095883291,0.0,0.0,-0.25060347537463196
2024-09-15,4803.779536809673,0.0,0.0,-0.2520992768209898
2024-09-16,4729.202021207518,0.0,0.0,-0.2637102546821405
2024-09-17,4899.802322690645,8490.493814813868,0.0,-0.23714948354847482
2024-09-18,5017.2728159975995,0.0,0.0,-0.21886049542500777
2024-09-19,5113.783843693769,0.0,0.0,-0.20383468775510544
2024-09-20,5134.341992404874,0.0,0.0,-0.20063398835363616
2024-09-21,5146.357940306002,0.0,0.0,-0.19876322470678834
2024-09-22,5165.026487582584,0.0,0.0,-0.19585671746559008
2024-09-23,5145.629233303953,0.0,0.0,-0.19887667714348786
2024-09-24,5220.588568628475,0.0,0.0,-0.18720625374694283
2024-09-25,5130.358069174049,0.0,0.0,-0.20125424559953853
2024-09-26,5294.620163265884,0.0,0.0,-0.17568027035341985
2024-09-27,5343.034904062019,0.0,0.0,-0.16814257646541064
2024-09-28,5350.187930988491,0.0,0.0,-0.16702892127573477
2024-09-29,5329.391754237698,0.0,0.0,-0.1702666792769286
2024-09-30,5144.621879142814,0.0,0.0,-0.19903351217303913
2024-10-01,4939.75447615083,0.0,0.0,-0.23092933038855792
2024-10-02,4927.040691778397,0.0,0.0,-0.23290874023732874
2024-10-03,4935.443162817635,0.0,0.0,-0.23160055901906434
2024-10-04,5043.757294229273,0.0,0.0,-0.21473712542630005
2024-10-05,5041.482623542832,0.0,0.0,-0.21509126904141546
2024-10-06,5103.378850068075,0.0,0.0,-0.20545464183453388
2024-10-07,5054.968171183878,0.0,0.0,-0.21299170332323056
2024-10-08,5049.8087306375955,0.0,0.0,-0.21379497693023017
2024-10-09,4925.963472731889,0.0,0.0,-0.23307645253505846
2024-10-10,4900.809676851784,8490.493814813868,0.0,-0.23699264851892354
2024-10-11,5080.639454645149,8490.493814813868,0.0,-0.20899493966692653
2024-10-12,5134.761994099477,0.0,0.0,-0.20056859826470239
2024-10-13,5107.4496982144165,0.0,0.0,-0.20482085124333976
2024-10-14,5368.5469605752405,0.0,0.0,-0.16417060286216453
2024-10-15,5448.985002724535,0.0,0.0,-0.15164719927264123
2024-10-16,5493.330520139103,0.0,0.0,-0.14474304301610127
2024-10-17,5477.226664061484,0.0,0.0,-0.1472502533312567
2024-10-18,5558.970204708319,0.0,0.0,-0.13452359660262947
2024-10-19,5554.908292768245,0.0,0.0,-0.1351559959153358
2024-10-20,5608.037288562031,0.0,0.0,-0.12688433938499957
2024-10-21,5473.629434847355,0.0,0.0,-0.14781030616258936
2024-10-22,5477.569489429226,0.0,0.0,-0.14719687882926433
2024-10-23,5416.043709272918,0.0,0.0,-0.1567758312188271
2024-10-24,5540.308156490841,0.0,0.0,-0.13742909200492748
2024-10-25,5418.454860200547,0.0,0.0,-0.1564004389868045
2024-10-26,5450.4976587310175,0.0,0.0,-0.15141169376858954
2024-10-27,5525.963108283274,0.0,0.0,-0.13966247341768112
2024-10-28,5683.606723059953,0.0,0.0,-0.11511892961168592
2024-10-29,5908.978657525432,0.0,0.0,-0.08003075966562567
2024-10-30,5877.159264151665,0.0,0.0,-0.08498472292164184
2024-10-31,5710.399094216683,0.0,0.0,-0.11094762374507518
2024-11-01,5645.733456130697,0.0,0.0,-0.12101542080335993
2024-11-02,5635.8816949112415,0.0,0.0,-0.12254924209639768
2024-11-03,5587.2402994288495,0.0,0.0,-0.13012222386605599
2024-11-04,5512.015315063446,0.0,0.0,-0.14183400617765213
2024-11-05,5635.659914519312,0.0,0.0,-0.12258377109887164
2024-11-06,6139.335370323772,0.0,0.0,-0.04416650928301206
2024-11-07,6162.561382797117,0.0,0.0,-0.040550450012957304
2024-11-08,6215.51977828942,0.0,0.0,-0.03230535425375478
2024-11-09,6229.141806171655,0.0,0.0,-0.030184539918662687
2024-11-10,6529.118064858093,0.0,0.0,0.0
2024-11-11,7201.6065808920475,0.0,0.0,0.0
2024-11-12,7145.066391450986,0.0,0.0,-0.007851052234799814
2024-11-13,7341.9220793323675,0.0,0.0,0.0
2024-11-14,7094.177133900957,0.0,0.0,-0.03374388106471685
2024-11-15,7395.285041253903,0.0,0.0,0.0
2024-11-16,7359.121839251419,0.0,0.0,-0.004890034907478283
2024-11-17,7299.742373364247,0.0,0.0,-0.012919403019177733
2024-11-18,7349.142533997045,0.0,0.0,-0.00623944945995408
2024-11-19,7499.166001974142,0.0,0.0,0.0
2024-11-20,7659.674077050961,0.0,0.0,0.0
2024-11-21,7987.109672834693,0.0,0.0,0.0
2024-11-22,8033.811911556893,0.0,0.0,0.0
2024-11-23,7934.733755514596,0.0,0.0,-0.012332645714516963
2024-11-24,7953.2268281953675,0.0,0.0,-0.010030740605913576
2024-11-25,7555.96940330892,0.0,0.0,-0.059478926505683045
2024-11-26,7471.087629497184,0.0,0.0,-0.07004449298224329
2024-11-27,7787.75022243345,0.0,0.0,-0.030628261133357572
2024-11-28,7769.948487164879,0.0,0.0,-0.03284411276948596
2024-11-29,7917.47875359316,0.0,0.0,-0.014480443311895866
2024-11-30,7832.015313991606,0.0,0.0,-0.025118412005015578
2024-12-01,7895.152860805734,0.0,0.0,-0.017259434534643972
2024-12-02,7785.923174442804,0.0,0.0,-0.030855680944869176
2024-12-03,7786.6600052687345,0.0,0.0,-0.030763964729199476
2024-12-04,8009.060244958856,0.0,0.0,-0.0030809367795170046
2024-12-05,7875.692240700839,0.0,0.0,-0.019681774056546492
2024-12-06,8102.770178181149,0.0,0.0,0.0
2024-12-07,8110.175043647906,0.0,0.0,0.0
2024-12-08,8213.965017540688,0.0,0.0,0.0
2024-12-09,7902.569099625923,0.0,0.0,-0.03791054834660094
2024-12-10,7847.045200552269,0.0,0.0,-0.04467024344575021
2024-12-11,8215.21689880062,0.0,0.0,0.0
2024-12-12,8124.172392193402,0.0,0.0,-0.011082422744128642
2024-12-13,8239.527441761964,0.0,0.0,0.0
2024-12-14,8239.182179247058,0.0,0.0,-4.19031937627562e-05
2024-12-15,8486.470565776404,0.0,0.0,0.0
2024-12-16,8616.018748045975,0.0,0.0,0.0
2024-12-17,8622.118115015192,0.0,0.0,0.0
2024-12-18,8140.397293246835,0.0,0.0,-0.05587035753192158
2024-12-19,7917.629856717331,0.0,0.0,-0.08170709898661827
2024-12-20,7945.541690804747,0.0,0.0,-0.07846986264688305
2024-12-21,7903.829917092123,0.0,0.0,-0.08330762677354057
2024-12-22,7732.76493288305,0.0,0.0,-0.10314787738564565
2024-12-23,7708.003517696356,0.0,0.0,-0.10601972567818682
2024-12-24,8015.255473049857,0.0,0.0,-0.07038440367785027
2024-12-25,8077.485588736575,0.0,0.0,-0.06316690620720604
2024-12-26,7781.940875976756,0.0,0.0,-0.09744441305846753
2024-12-27,7660.687117888816,0.0,0.0,-0.11150751872119088
2024-12-28,7742.004157781943,0.0,0.0,-0.10207630485837968
2024-12-29,7615.126276421776,0.0,0.0,-0.11679170073531762
2024-12-30,7538.262716779748,0.0,0.0,-0.12570639647674714
2024-12-31,7601.949434088176,0.0,0.0,-0.11831996121120389
2025-01-01,7684.470424680339,0.0,0.0,-0.10874911220503501
2025-01-02,7878.873530132304,0.0,0.0,-0.08620208804476323
2025-01-03,7975.497478980407,0.0,0.0,-0.0749955669139711
2025-01-04,7979.260434201693,0.0,0.0,-0.0745591364254195
2025-01-05,7990.886438556574,0.0,0.0,-0.073210743350795
2025-01-06,8305.440086813554,0.0,0.0,-0.03672856529883888
2025-01-07,7876.421760085275,0.0,0.0,-0.08648644625168213
2025-01-08,7722.556535795255,0.0,0.0,-0.10433185526110737
2025-01-09,7518.801284292464,0.0,0.0,-0.12796354863213144
2025-01-10,7695.382344916156,0.0,0.0,-0.10748353916483111
2025-01-11,7685.136578238513,0.0,0.0,-0.10867185119454001
2025-01-12,7680.674161781147,0.0,0.0,-0.10918940574411118
2025-01-13,7679.946267161486,0.0,0.0,-0.10927382753118847
2025-01-14,7844.434203557189,0.0,0.0,-0.09019638806660354
2025-01-15,8164.227718216865,0.0,0.0,-0.05310648621258422
2025-01-16,8122.792154516164,0.0,0.0,-0.05791221528610982
2025-01-17,8455.07117409724,0.0,0.0,-0.019374234809778762
2025-01-18,8493.963980923454,0.0,0.0,-0.014863416666556722
2025-01-19,8231.998281789844,0.0,0.0,-0.04524640326440954
2025-01-20,8307.423112222697,0.0,0.0,-0.03649857246150003
2025-01-21,8622.936996462311,0.0,0.0,0.0
2025-01-22,8424.946410384873,0.0,0.0,-0.022960922265658035
2025-01-23,8441.49301486396,0.0,0.0,-0.021042016388707417
2025-01-24,8519.494722231599,0.0,0.0,-0.011996176508439198
2025-01-25,8509.449614003794,0.0,0.0,-0.01316110537570637
2025-01-26,8336.668065808846,0.0,0.0,-0.03319854137527747
2025-01-27,8293.02932107185,0.0,0.0,-0.038259316463266586
2025-01-28,8232.31917283311,0.0,0.0,-0.045299858248930555
2025-01-29,8427.105722772216,0.0,0.0,-0.022710507309799198
2025-01-30,8507.50720771405,0.0,0.0,-0.013386365781823242
2025-01-31,8321.19705561149,0.0,0.0,-0.034992710833282696
2025-02-01,8175.46296664311,0.0,0.0,-0.05189345927063875
2025-02-02,7937.02386146641,0.0,0.0,-0.0795451868983047
2025-02-03,8231.750505161499,0.0,0.0,-0.04536580650668122
2025-02-04,7942.104500921057,0.0,0.0,-0.0789559863212008
2025-02-05,7848.623659532182,0.0,0.0,-0.08979693777744209
2025-02-06,7843.905342622592,0.0,0.0,-0.09034411989317892
2025-02-07,7840.042464367581,0.0,0.0,-0.09079209698689955
2025-02-08,7835.0008192675605,0.0,0.0,-0.09137677539775754
2025-02-09,7836.463919948375,0.0,0.0,-0.09120709995174475
2025-02-10,7915.108221784933,0.0,0.0,-0.08208673854021838
2025-02-11,7780.852283576815,0.0,0.0,-0.09765636850077573
2025-02-12,7950.785619119383,0.0,0.0,-0.07794923906073858
2025-02-13,7848.275147487723,0.0,0.0,-0.08983735463826356
2025-02-14,7920.767277499845,0.0,0.0,-0.08143045916380255
2025-02-15,7926.387338860132,0.0,0.0,-0.08077870195363235
2025-02-16,7808.466785710218,0.0,0.0,-0.09445392110440352
2025-02-17,7780.998512406658,0.0,0.0,-0.09763941037735414
2025-02-18,7772.203660674009,0.0,0.0,-0.09865934728936647
2025-02-19,7851.218408879501,0.0,0.0,-0.08949602529850549
2025-02-20,7986.125065380419,0.0,0.0,-0.07385093168872202
2025-02-21,7813.65465964008,0.0,0.0,-0.09385228457012396
2025-02-22,7843.634006904994,0.0,0.0,-0.09037558663330579
2025-02-23,7819.83039055377,0.0,0.0,-0.09313608649095174
2025-02-24,7437.594728404107,0.0,0.0,-0.1374638674206374
2025-02-25,7204.239512211603,0.0,0.0,-0.16452601762401253
2025-02-26,6844.328930466977,0.0,0.0,-0.206264764166204
2025-02-27,6881.575850575072,0.0,0.0,-0.20194524749533235
2025-02-28,6852.440568611306,0.0,0.0,-0.20532405937528916
2025-03-01,6991.7308404779515,0.0,0.0,-0.18917059891004495
2025-03-02,7658.328771816409,0.0,0.0,-0.11186539169214002
2025-03-03,7004.410504790088,0.0,0.0,-0.18770014118579867
2025-03-04,7090.634334306825,0.0,0.0,-0.17770078371025283
2025-03-05,7360.672677230139,0.0,0.0,-0.1463844998229762
2025-03-06,7305.908355689279,0.0,0.0,-0.1527355054679586
2025-03-07,7051.621294887185,0.0,0.0,-0.18222511682733872
2025-03-08,7004.559983149483,0.0,0.0,-0.18768280621518998
2025-03-09,6558.718029547804,0.0,0.0,-0.23938699398608432
2025-03-10,6384.989243488431,0.0,0.0,-0.25953428094070863
2025-03-11,6737.330046141536,0.0,0.0,-0.21867339992097518
2025-03-12,6798.025571497292,0.0,0.0,-0.21163455394765338
2025-03-13,6589.703106209081,0.0,0.0,-0.23579366184484413
2025-03-14,6822.6472569132475,0.0,0.0,-0.20877918281064323
2025-03-15,6851.506328865089,0.0,0.0,-0.2054324029415938
2025-03-16,6708.209387060753,0.0,0.0,-0.2220505159885899
2025-03-17,6824.826878860292,0.0,0.0,-0.20852641255986457
2025-03-18,6719.623359612363,0.0,0.0,-0.22072684024373726
2025-03-19,7055.211212659823,0.0,0.0,-0.18180879489733845
2025-03-20,6842.159869490977,0.0,0.0,-0.2065163096636244
2025-03-21,6831.225202548297,0.0,0.0,-0.20778440044837287
2025-03-22,6811.061871677767,0.0,0.0,-0.2101227372446178
2025-03-23,6993.190691629215,0.0,0.0,-0.18900130031121928
2025-03-24,7108.196416770931,0.0,0.0,-0.17566411308731872
2025-03-25,7099.642842607522,0.0,0.0,-0.17665606909568557
2025-03-26,7060.347906499242,0.0,0.0,-0.18121309370625635
2025-03-27,7086.574859513914,0.0,0.0,-0.17817156005879584
2025-03-28,6858.487943107689,0.0,0.0,-0.20462274676000924
2025-03-29,6714.221829114451,0.0,0.0,-0.2213532544805719
2025-03-30,6693.2176824723265,0.0,0.0,-0.22378910048649095
2025-03-31,6706.21742544534,0.0,0.0,-0.22228152331431086
2025-04-01,6918.113560858429,0.0,0.0,-0.19770797772305554
2025-04-02,6703.4780720329545,0.0,0.0,-0.22259920549307544
2025-04-03,6760.084876829832,0.0,0.0,-0.21603452749298088
2025-04-04,6815.065292085904,0.0,0.0,-0.2096584615100532
2025-04-05,6786.479180616437,0.0,0.0,-0.21297358621538215
2025-04-06,6371.5150692008165,0.0,0.0,-0.2610968778022122
2025-04-07,6431.082195419621,8490.493814813868,0.0,-0.25418889201462697
2025-04-08,6200.298981867573,8490.493814813868,0.0,-0.28095276766937544
2025-04-09,6711.514970997586,8490.493814813868,0.0,-0.22166716818746499
2025-04-10,6467.15684774181,0.0,0.0,-0.25000532296651845
2025-04-11,6777.205835657246,8490.493814813868,0.0,-0.21404901387570197
2025-04-12,6927.745166450733,0.0,0.0,-0.1965910026603529
2025-04-13,6804.514882012755,0.0,0.0,-0.21088199011492148
2025-04-14,6872.0709766352975,0.0,0.0,-0.2030475255177363
2025-04-15,6795.090433929395,0.0,0.0,-0.21197494116944351
2025-04-16,6826.480077019902,0.0,0.0,-0.20833469155340376
2025-04-17,6901.018598267433,0.0,0.0,-0.19969047656283712
2025-04-18,6862.575038901792,0.0,0.0,-0.2041487672103755
2025-04-19,6911.506454896704,0.0,0.0,-0.19847420226632145
2025-04-20,6919.811440049381,0.0,0.0,-0.19751107506777127
2025-04-21,7109.664391746073,0.0,0.0,-0.17549387237052533
2025-04-22,7591.14393594519,0.0,0.0,-0.1196568014981937
2025-04-23,7611.298330609451,0.0,0.0,-0.11731950103171343
2025-04-24,7634.807864536214,0.0,0.0,-0.11459310584450426
2025-04-25,7688.279685697741,0.0,0.0,-0.10839199116820952
2025-04-26,7687.412061307342,0.0,0.0,-0.1084926093671776
2025-04-27,7616.0280208724735,0.0,0.0,-0.11677099995082152
2025-04-28,7718.540929651296,0.0,0.0,-0.10488260173790634
2025-04-29,7657.258051829006,0.0,0.0,-0.11198956284030478
2025-04-30,7650.367424413863,0.0,0.0,-0.11278866730064935
2025-05-01,7838.670350514224,0.0,0.0,-0.09095122071167215
2025-05-02,7870.940616113339,0.0,0.0,-0.08720884550791563
2025-05-03,7787.206738615868,0.0,0.0,-0.09691944382631046
2025-05-04,7658.947807196076,0.0,0.0,-0.11179360230298868
2025-05-05,7695.997318383883,0.0,0.0,-0.1074969790987362
2025-05-06,7866.625240868204,0.0,0.0,-0.08770929857244641
2025-05-07,7882.586930027921,0.0,0.0,-0.08585822518918204
2025-05-08,8388.790519823882,0.0,0.0,-0.027153912493445204
2025-05-09,8365.263113484583,0.0,0.0,-0.02988238034018367
2025-05-10,8514.541626811872,0.0,0.0,-0.012570585833447508
2025-05-11,8458.362947533476,0.0,0.0,-0.01908561421663565
2025-05-12,8350.585800880317,0.0,0.0,-0.031584504872728424
2025-05-13,8457.202865483392,0.0,0.0,-0.019220148662446902
2025-05-14,8408.792998981584,0.0,0.0,-0.02483422963296415
2025-05-15,8429.581051908497,0.0,0.0,-0.022423443964990252
2025-05-16,8405.225015533422,0.0,0.0,-0.02524800784445119
2025-05-17,8377.82741949762,0.0,0.0,-0.028425300691081325
2025-05-18,8648.156595315844,0.0,0.0,0.0
2025-05-19,8576.624701286357,0.0,0.0,-0.008271345834351755
2025-05-20,8680.30500355676,0.0,0.0,0.0
2025-05-21,8907.28464276812,0.0,0.0,0.0
2025-05-22,9074.003381201313,0.0,0.0,0.0
2025-05-23,8718.349683169883,0.0,0.0,-0.03919479452346701
2025-05-24,8754.387778284612,0.0,0.0,-0.03522321840642595
2025-05-25,8855.308417582926,0.0,0.0,-0.024101265387608223
2025-05-26,8890.289603210847,0.0,0.0,-0.02024616591735764
2025-05-27,8849.945069057252,0.0,0.0,-0.024692332891151966
2025-05-28,8756.001982089598,0.0,0.0,-0.03504532517262687
2025-05-29,8577.925325489568,0.0,0.0,-0.05467025246425122
2025-05-30,8447.597256127503,0.0,0.0,-0.0690330495546807
2025-05-31,8496.860124136727,0.0,0.0,-0.06360403813164307
2025-06-01,8582.245575029032,0.0,0.0,-0.05419413962210552
2025-06-02,8599.71667066568,0.0,0.0,-0.05226873857223993
2025-06-03,8560.632953978284,0.0,0.0,-0.05657595723256875
2025-06-04,8505.388514446107,0.0,0.0,-0.06266416738759543
2025-06-05,8246.386386263974,0.0,0.0,-0.0912074814355834
2025-06-06,8472.209192954802,0.0,0.0,-0.0663206925284217
2025-06-07,8574.870767710632,0.0,0.0,-0.055006879821616374
2025-06-08,8589.643941436683,0.0,0.0,-0.053378803094572526
2025-06-09,8957.573549733406,0.0,0.0,-0.012831142614418221
2025-06-10,8958.497228508579,0.0,0.0,-0.012729348650236321
2025-06-11,8826.138203176475,0.0,0.0,-0.027315967121892704
2025-06-12,8584.585236306515,0.0,0.0,-0.053936297390932204
2025-06-13,8616.662967279672,0.0,0.0,-0.0504011729672834
2025-06-14,8563.69969749304,0.0,0.0,-0.05623798694691618
2025-06-15,8578.271400386862,0.0,0.0,-0.054632113300890225
2025-06-16,8675.799530832828,0.0,0.0,-0.04388403151727356
2025-06-17,8493.552915435119,0.0,0.0,-0.06396850886883275
2025-06-18,8520.817280759285,0.0,0.0,-0.06096384111869168
2025-06-19,8502.279527047174,0.0,0.0,-0.06300679315797746
2025-06-20,8391.746779333867,0.0,0.0,-0.07518804800986548
2025-06-21,8296.049758790488,0.0,0.0,-0.08573433243616792
2025-06-22,8202.126981382535,0.0,0.0,-0.0960850865038305
2025-06-23,8557.14295923937,0.0,0.0,-0.05696057189406903
2025-06-24,8617.996086778403,0.0,0.0,-0.05025425661264624
2025-06-25,8720.159671130381,0.0,0.0,-0.0389953249085176
2025-06-26,8688.190799397218,0.0,0.0,-0.04251845250613267
2025-06-27,8696.357679543931,0.0,0.0,-0.041618421967943485
2025-06-28,8716.602248653264,0.0,0.0,-0.039387370439874475
2025-06-29,8802.726155136274,0.0,0.0,-0.02989609047612294
2025-06-30,8704.392953743787,0.0,0.0,-0.04073289505525767
2025-07-01,8585.349688133638,0.0,0.0,-0.053852051023038354
2025-07-02,8842.749798246605,0.0,0.0,-0.02548528728056225
2025-07-03,8902.474526648683,0.0,0.0,-0.018903327158549296
2025-07-04,8772.449475917349,0.0,0.0,-0.03323273009889952
2025-07-05,8789.824710432209,0.0,0.0,-0.03131789341822813
2025-07-06,8871.527631959643,0.0,0.0,-0.022313827837130946
2025-07-07,8795.090573071322,0.0,0.0,-0.0307375693409832
2025-07-08,8848.711060209856,0.0,0.0,-0.024828326762385493
2025-07-09,9036.453442462489,0.0,0.0,-0.004138188753226278
2025-07-10,9424.448083360789,0.0,0.0,0.0
2025-07-11,9547.740108860258,0.0,0.0,0.0
2025-07-12,9538.99400007089,0.0,0.0,-0.0009160396795103022
2025-07-13,9674.388898387004,0.0,0.0,0.0
2025-07-14,9735.68639909228,0.0,0.0,0.0
2025-07-15,9566.459836227285,0.0,0.0,-0.017382088527499496
2025-07-16,9637.327201463375,0.0,0.0,-0.010102954593738259
2025-07-17,9681.775079058834,0.0,0.0,-0.005537495542016586
2025-07-18,9580.006312547433,0.0,0.0,-0.015990663643331907
2025-07-19,9573.114060367516,0.0,0.0,-0.0166986005978912
2025-07-20,9526.411821645313,0.0,0.0,-0.021495616114594433
2025-07-21,9535.773716284799,0.0,0.0,-0.020534010095694905
2025-07-22,9744.88581725416,0.0,0.0,0.0
2025-07-23,9647.527474727292,0.0,0.0,-0.009990711471907311
2025-07-24,9613.813605624673,0.0,0.0,-0.013450358894653512
2025-07-25,9554.779402252407,0.0,0.0,-0.019508326579379093
2025-07-26,9579.612307089246,0.0,0.0,-0.016960025316282632
2025-07-27,9701.108967511202,0.0,0.0,-0.004492289654687192
2025-07-28,9591.174945617862,0.0,0.0,-0.015773491297777942
2025-07-29,9582.112007697167,0.0,0.0,-0.016703511217010664
2025-07-30,9573.138431839156,0.0,0.0,-0.017624360986448016
2025-07-31,9404.469975674727,0.0,0.0,-0.034932768629951316
2025-08-01,9204.124293054434,0.0,0.0,-0.055491827645867485
2025-08-02,9143.067257536011,0.0,0.0,-0.06175737417595776
2025-08-03,9278.121767631546,0.0,0.0,-0.04789836006042965
2025-08-04,9346.868002452531,0.0,0.0,-0.040843763822958755
2025-08-05,9271.699884854288,0.0,0.0,-0.04855736037071424
2025-08-06,9341.76949058535,0.0,0.0,-0.041366962551275734
2025-08-07,9543.219200870955,0.0,0.0,-0.02069461050288932
2025-08-08,9478.450390221691,0.0,0.0,-0.02734105170947436
2025-08-09,9461.188076858763,0.0,0.0,-0.029112474554918402
2025-08-10,9691.235271967269,0.0,0.0,-0.0055055078420619885
2025-08-11,9641.841610393574,0.0,0.0,-0.010574183093878592
2025-08-12,9759.481079237235,0.0,0.0,0.0
2025-08-13,10017.197206099141,0.0,0.0,0.0
2025-08-14,9610.084770463685,0.0,0.0,-0.04064135179325195
2025-08-15,9532.661479356313,0.0,0.0,-0.048370389119204944
2025-08-16,9535.798087756439,0.0,0.0,-0.04805726676216321
2025-08-17,9537.776238871254,0.0,0.0,-0.047859791253384035
2025-08-18,9442.080843092654,0.0,0.0,-0.057412902149547196
2025-08-19,9169.598853946189,0.0,0.0,-0.08461432222147705
2025-08-20,9283.194283262312,0.0,0.0,-0.07327428099248352
2025-08-21,9139.301865167561,0.0,0.0,-0.08763881980850477
2025-08-22,9499.673880108581,0.0,0.0,-0.05166348583768093
2025-08-23,9377.983872678278,0.0,0.0,-0.06381159522662357
2025-08-24,9220.019366858332,0.0,0.0,-0.07958092696382511
2025-08-25,8945.303326144829,0.0,0.0,-0.10700536865757931
2025-08-26,9079.4471555834,0.0,0.0,-0.09361401510042902
2025-08-27,9038.729737913705,0.0,0.0,-0.09767876663041826
2025-08-28,9144.73670334338,0.0,0.0,-0.08709626902668428
2025-08-29,8804.38910188454,0.0,0.0,-0.12107259937701552
2025-08-30,8840.04700204168,0.0,0.0,-0.11751293099638026
2025-08-31,8793.742830689607,0.0,0.0,-0.12213539877847397
2025-09-01,8874.255612018598,0.0,0.0,-0.11409794282423066
2025-09-02,9036.942496660073,0.0,0.0,-0.09785718392787791
2025-09-03,9074.775144469926,0.0,0.0,-0.09408041413574302
2025-09-04,8995.580859756683,0.0,0.0,-0.10198624678372406
2025-09-05,8989.822693390433,0.0,0.0,-0.10256107487663048
2025-09-06,8951.476619911355,0.0,0.0,-0.10638909909239926
2025-09-07,9028.601766682323,0.0,0.0,-0.09868982501561367
2025-09-08,9103.981916083838,0.0,0.0,-0.09116475110016568
2025-09-09,9061.832268264074,0.0,0.0,-0.09537247976443722
2025-09-10,9257.909693817735,0.0,0.0,-0.0757983991589085
2025-09-11,9381.610347658376,0.0,0.0,-0.06344957031032368
2025-09-12,9426.025729958314,0.0,0.0,-0.0590156571721362
2025-09-13,9416.997724480305,0.0,0.0,-0.05991690782062217
2025-09-14,9364.170122552472,0.0,0.0,-0.06519059873844375
2025-09-15,9370.807286662555,0.0,0.0,-0.06452802177469566
2025-09-16,9487.729421857599,0.0,0.0,-0.05285588107611246
2025-09-17,9459.997124277932,0.0,0.0,-0.05562434984128578
2025-09-18,9510.847387473337,0.0,0.0,-0.05054805333347178
2025-09-19,9393.770899624571,0.0,0.0,-0.062235602798653734
2025-09-20,9398.09683584075,0.0,0.0,-0.0618037518400298
2025-09-21,9361.268292662482,0.0,0.0,-0.06548028355050109
2025-09-22,9151.5680268442,0.0,0.0,-0.0864143094565303
2025-09-23,9098.585259880256,0.0,0.0,-0.09170349023972223
2025-09-24,9204.861123880364,0.0,0.0,-0.08109414894259766
2025-09-25,8854.520406666552,0.0,0.0,-0.11606807528204333
2025-09-26,8907.241586501556,0.0,0.0,-0.11080500830329768
2025-09-27,8906.623363504275,0.0,0.0,-0.11086672446846449
2025-09-28,9112.00175501832,0.0,0.0,-0.09036414402720126
2025-09-29,9286.502304346308,0.0,0.0,-0.07294404679464003
2025-09-30,9265.134210394352,0.0,0.0,-0.0750771877833136
2025-10-01,9634.448118280252,0.0,0.0,-0.03820919963379037
2025-10-02,9791.592117888302,0.0,0.0,-0.022521777655877217
2025-10-03,9929.912405183657,0.0,0.0,-0.008713495314072409
2025-10-04,9942.829285153093,0.0,0.0,-0.007424024846068491
2025-10-05,10031.485387539547,0.0,0.0,0.0
2025-10-06,10127.040241165023,0.0,0.0,0.0
2025-10-07,9856.875166589178,0.0,0.0,-0.02667759465175831
2025-10-08,10017.162273656457,0.0,0.0,-0.010849958614949248
2025-10-09,9883.639104362328,0.0,0.0,-0.02403477531503261
2025-10-10,9161.60176171857,0.0,0.0,-0.0953327385352019
2025-10-11,8988.556189247518,0.0,0.0,-0.11242021605579527
2025-10-12,9339.050446732665,0.0,0.0,-0.07781047331374161
2025-10-13,9355.883009812333,0.0,0.0,-0.07614833287795604
2025-10-14,9182.20702860818,0.0,0.0,-0.0932980604457585
2025-10-15,8998.21379107624,0.0,0.0,-0.11146657100267654
2025-10-16,8789.512755595213,0.0,0.0,-0.13207486627069426
2025-10-17,8646.322235883707,0.0,0.0,-0.1462142906534924
2025-10-18,8707.521438320033,0.0,0.0,-0.1401711427071102
2025-10-19,8825.94810569768,0.0,0.0,-0.1284770381555889
2025-10-20,8979.432322647723,0.0,0.0,-0.11332115713853216
2025-10-21,8797.911977104899,0.0,0.0,-0.1312454806545945
2025-10-22,8738.589377984887,0.0,0.0,-0.13710332240374387
2025-10-23,8942.557473673338,0.0,0.0,-0.11696238380459138
2025-10-24,9017.841761953066,0.0,0.0,-0.10952839653023373
2025-10-25,9069.946343555566,0.0,0.0,-0.10438330177780035
2025-10-26,9306.603894155349,0.0,0.0,-0.08101442548581109
2025-10-27,9269.904519776775,0.0,0.0,-0.08463832481914202
2025-10-28,9171.671241418015,0.0,0.0,-0.09433842238165155
2025-10-29,8937.935830267921,0.0,0.0,-0.11741875045223542
2025-10-30,8799.959993105083,0.0,0.0,-0.13104324822029847
2025-10-31,8904.36169093604,0.0,0.0,-0.12073404678091061
2025-11-01,8944.175739390264,0.0,0.0,-0.11680258729165283
2025-11-02,8980.130159119026,0.0,0.0,-0.11325224890328427
2025-11-03,8658.6184557087,0.0,0.0,-0.14500009385638568
2025-11-04,8245.45539604731,0.0,0.0,-0.18579810095642066
2025-11-05,8439.447436010938,8490.493814813868,0.0,-0.16664225331052332
2025-11-06,8233.1737991053,8490.493814813868,0.0,-0.18701085380913343
2025-11-07,8395.08485856622,8490.493814813868,0.0,-0.17102285972545486
2025-11-08,8311.72305220246,8490.493814813868,0.0,-0.1792544658392438
2025-11-09,8490.493814813868,8490.493814813868,0.0,-0.16160165135898436
2025-11-10,8490.493814813868,0.0,0.0,-0.16160165135898436
2025-11-11,8490.493814813868,0.0,0.0,-0.16160165135898436
2025-11-12,8490.493814813868,8490.493814813868,0.0,-0.16160165135898436
2025-11-13,8490.493814813868,8490.493814813868,0.0,-0.16160165135898436
2025-11-14,8490.493814813868,8490.493814813868,0.0,-0.16160165135898436
2025-11-15,8490.493814813868,8490.493814813868,0.0,-0.16160165135898436
2025-11-16,8490.493814813868,8490.493814813868,0.0,-0.16160165135898436
2025-11-17,8490.493814813868,8490.493814813868,0.0,-0.16160165135898436
2025-11-18,8490.493814813868,8490.493814813868,0.0,-0.16160165135898436
2025-11-19,8490.493814813868,8490.493814813868,0.0,-0.16160165135898436
2025-11-20,8490.493814813868,8490.493814813868,0.0,-0.16160165135898436
2025-11-21,8490.493814813868,8490.493814813868,0.0,-0.16160165135898436
2025-11-22,8490.493814813868,8490.493814813868,0.0,-0.16160165135898436
2025-11-23,8490.493814813868,8490.493814813868,0.0,-0.16160165135898436
2025-11-24,8490.493814813868,8490.493814813868,0.0,-0.16160165135898436
2025-11-25,8490.493814813868,8490.493814813868,0.0,-0.16160165135898436
2025-11-26,8490.493814813868,8490.493814813868,0.0,-0.16160165135898436
2025-11-27,8490.493814813868,8490.493814813868,0.0,-0.16160165135898436
2025-11-28,8490.493814813868,8490.493814813868,0.0,-0.16160165135898436
2025-11-29,8490.493814813868,8490.493814813868,0.0,-0.16160165135898436
2025-11-30,8490.493814813868,8490.493814813868,0.0,-0.16160165135898436
2025-12-01,8490.493814813868,8490.493814813868,0.0,-0.16160165135898436
2025-12-02,8490.493814813868,8490.493814813868,0.0,-0.16160165135898436
2025-12-03,8490.493814813868,8490.493814813868,0.0,-0.16160165135898436
2025-12-04,8490.493814813868,8490.493814813868,0.0,-0.16160165135898436
2025-12-05,8490.493814813868,8490.493814813868,0.0,-0.16160165135898436
2025-12-06,8490.493814813868,8490.493814813868,0.0,-0.16160165135898436
2025-12-07,8490.493814813868,8490.493814813868,0.0,-0.16160165135898436
2025-12-08,8490.493814813868,8490.493814813868,0.0,-0.16160165135898436
2025-12-09,8490.493814813868,8490.493814813868,0.0,-0.16160165135898436
2025-12-10,8490.493814813868,8490.493814813868,0.0,-0.16160165135898436
2025-12-11,8490.493814813868,8490.493814813868,0.0,-0.16160165135898436
2025-12-12,8490.493814813868,8490.493814813868,0.0,-0.16160165135898436
2025-12-13,8490.493814813868,8490.493814813868,0.0,-0.16160165135898436
2025-12-14,8490.493814813868,8490.493814813868,0.0,-0.16160165135898436
2025-12-15,8490.493814813868,8490.493814813868,0.0,-0.16160165135898436
2025-12-16,8490.493814813868,8490.493814813868,0.0,-0.16160165135898436
2025-12-17,8490.493814813868,8490.493814813868,0.0,-0.16160165135898436
2025-12-18,8490.493814813868,8490.493814813868,0.0,-0.16160165135898436
2025-12-19,8490.493814813868,8490.493814813868,0.0,-0.16160165135898436
2025-12-20,8490.493814813868,8490.493814813868,0.0,-0.16160165135898436
2025-12-21,8490.493814813868,8490.493814813868,0.0,-0.16160165135898436
2025-12-22,8490.493814813868,8490.493814813868,0.0,-0.16160165135898436
2025-12-23,8490.493814813868,8490.493814813868,0.0,-0.16160165135898436
2025-12-24,8490.493814813868,8490.493814813868,0.0,-0.16160165135898436
2025-12-25,8490.493814813868,8490.493814813868,0.0,-0.16160165135898436
2025-12-26,8490.493814813868,8490.493814813868,0.0,-0.16160165135898436
2025-12-27,8490.493814813868,8490.493814813868,0.0,-0.16160165135898436
2025-12-28,8490.493814813868,8490.493814813868,0.0,-0.16160165135898436
2025-12-29,8490.493814813868,8490.493814813868,0.0,-0.16160165135898436
2025-12-30,8490.493814813868,8490.493814813868,0.0,-0.16160165135898436
2025-12-31,8490.493814813868,8490.493814813868,0.0,-0.16160165135898436
2026-01-01,8490.493814813868,8490.493814813868,0.0,-0.16160165135898436
2026-01-02,8490.493814813868,8490.493814813868,0.0,-0.16160165135898436
2026-01-03,8490.493814813868,8490.493814813868,0.0,-0.16160165135898436
2026-01-04,8490.493814813868,8490.493814813868,0.0,-0.16160165135898436
2026-01-05,8490.493814813868,8490.493814813868,0.0,-0.16160165135898436
2026-01-06,8490.493814813868,8490.493814813868,0.0,-0.16160165135898436
2026-01-07,8490.493814813868,8490.493814813868,0.0,-0.16160165135898436
2026-01-08,8490.493814813868,8490.493814813868,0.0,-0.16160165135898436
2026-01-09,8490.493814813868,8490.493814813868,0.0,-0.16160165135898436
2026-01-10,8490.493814813868,8490.493814813868,0.0,-0.16160165135898436
2026-01-11,8490.493814813868,8490.493814813868,0.0,-0.16160165135898436
2026-01-12,8490.493814813868,8490.493814813868,0.0,-0.16160165135898436
2026-01-13,8490.493814813868,8490.493814813868,0.0,-0.16160165135898436
2026-01-14,8490.493814813868,8490.493814813868,0.0,-0.16160165135898436
2026-01-15,8490.493814813868,8490.493814813868,0.0,-0.16160165135898436
2026-01-16,8490.493814813868,8490.493814813868,0.0,-0.16160165135898436
2026-01-17,8490.493814813868,8490.493814813868,0.0,-0.16160165135898436
2026-01-18,8490.493814813868,8490.493814813868,0.0,-0.16160165135898436
2026-01-19,8490.493814813868,8490.493814813868,0.0,-0.16160165135898436
2026-01-20,8490.493814813868,8490.493814813868,0.0,-0.16160165135898436
2026-01-21,8490.493814813868,8490.493814813868,0.0,-0.16160165135898436
2026-01-22,8490.493814813868,8490.493814813868,0.0,-0.16160165135898436
2026-01-23,8490.493814813868,8490.493814813868,0.0,-0.16160165135898436
2026-01-24,8490.493814813868,8490.493814813868,0.0,-0.16160165135898436
2026-01-25,8490.493814813868,8490.493814813868,0.0,-0.16160165135898436
2026-01-26,8490.493814813868,8490.493814813868,0.0,-0.16160165135898436
2026-01-27,8490.493814813868,8490.493814813868,0.0,-0.16160165135898436
2026-01-28,8490.493814813868,8490.493814813868,0.0,-0.16160165135898436
2026-01-29,8490.493814813868,8490.493814813868,0.0,-0.16160165135898436
2026-01-30,8490.493814813868,8490.493814813868,0.0,-0.16160165135898436
2026-01-31,8490.493814813868,8490.493814813868,0.0,-0.16160165135898436
2026-02-01,8490.493814813868,8490.493814813868,0.0,-0.16160165135898436
2026-02-02,8490.493814813868,8490.493814813868,0.0,-0.16160165135898436
2026-02-03,8490.493814813868,8490.493814813868,0.0,-0.16160165135898436
2026-02-04,8490.493814813868,8490.493814813868,0.0,-0.16160165135898436
2026-02-05,8490.493814813868,8490.493814813868,0.0,-0.16160165135898436
2026-02-06,8490.493814813868,8490.493814813868,0.0,-0.16160165135898436
2026-02-07,8490.493814813868,8490.493814813868,0.0,-0.16160165135898436
2026-02-08,8490.493814813868,8490.493814813868,0.0,-0.16160165135898436
2026-02-09,8490.493814813868,8490.493814813868,0.0,-0.16160165135898436
2026-02-10,8490.493814813868,8490.493814813868,0.0,-0.16160165135898436
2026-02-11,8490.493814813868,8490.493814813868,0.0,-0.16160165135898436
2026-02-12,8490.493814813868,8490.493814813868,0.0,-0.16160165135898436
2026-02-13,8490.493814813868,8490.493814813868,0.0,-0.16160165135898436
2026-02-14,8490.493814813868,8490.493814813868,0.0,-0.16160165135898436
2026-02-15,8490.493814813868,8490.493814813868,0.0,-0.16160165135898436
2026-02-16,8490.493814813868,8490.493814813868,0.0,-0.16160165135898436
2026-02-17,8490.493814813868,8490.493814813868,0.0,-0.16160165135898436
2026-02-18,8490.493814813868,8490.493814813868,0.0,-0.16160165135898436
2026-02-19,8490.493814813868,8490.493814813868,0.0,-0.16160165135898436
2026-02-20,8490.493814813868,8490.493814813868,0.0,-0.16160165135898436
2026-02-21,8490.493814813868,8490.493814813868,0.0,-0.16160165135898436
2026-02-22,8490.493814813868,8490.493814813868,0.0,-0.16160165135898436
2026-02-23,8490.493814813868,8490.493814813868,0.0,-0.16160165135898436
2026-02-24,8490.493814813868,8490.493814813868,0.0,-0.16160165135898436
2026-02-25,8490.493814813868,8490.493814813868,0.0,-0.16160165135898436
2026-02-26,8490.493814813868,8490.493814813868,0.0,-0.16160165135898436
2026-02-27,8490.493814813868,8490.493814813868,0.0,-0.16160165135898436
2026-02-28,8490.493814813868,8490.493814813868,0.0,-0.16160165135898436
2026-03-01,8490.493814813868,8490.493814813868,0.0,-0.16160165135898436
2026-03-02,8490.493814813868,8490.493814813868,0.0,-0.16160165135898436
2026-03-03,8490.493814813868,8490.493814813868,0.0,-0.16160165135898436
2026-03-04,8490.493814813868,8490.493814813868,0.0,-0.16160165135898436
2026-03-05,8490.493814813868,8490.493814813868,0.0,-0.16160165135898436
2026-03-06,8490.493814813868,8490.493814813868,0.0,-0.16160165135898436
2026-03-07,8490.493814813868,8490.493814813868,0.0,-0.16160165135898436
2026-03-08,8490.493814813868,8490.493814813868,0.0,-0.16160165135898436
2026-03-09,8490.493814813868,8490.493814813868,0.0,-0.16160165135898436
2026-03-10,8490.493814813868,8490.493814813868,0.0,-0.16160165135898436
2026-03-11,8490.493814813868,8490.493814813868,0.0,-0.16160165135898436
2026-03-12,8490.493814813868,8490.493814813868,0.0,-0.16160165135898436
2026-03-13,8490.493814813868,8490.493814813868,0.0,-0.16160165135898436
2026-03-14,8490.493814813868,8490.493814813868,0.0,-0.16160165135898436
2026-03-15,8490.493814813868,8490.493814813868,0.0,-0.16160165135898436
2026-03-16,8490.493814813868,8490.493814813868,0.0,-0.16160165135898436
2026-03-17,8490.493814813868,8490.493814813868,0.0,-0.16160165135898436
2026-03-18,8490.493814813868,8490.493814813868,0.0,-0.16160165135898436
2026-03-19,8490.493814813868,8490.493814813868,0.0,-0.16160165135898436
2026-03-20,8490.493814813868,8490.493814813868,0.0,-0.16160165135898436
2026-03-21,8490.493814813868,8490.493814813868,0.0,-0.16160165135898436
2026-03-22,8490.493814813868,8490.493814813868,0.0,-0.16160165135898436
2026-03-23,8490.493814813868,8490.493814813868,0.0,-0.16160165135898436
2026-03-24,8490.493814813868,8490.493814813868,0.0,-0.16160165135898436
2026-03-25,8490.493814813868,8490.493814813868,0.0,-0.16160165135898436
2026-03-26,8490.493814813868,8490.493814813868,0.0,-0.16160165135898436
2026-03-27,8490.493814813868,8490.493814813868,0.0,-0.16160165135898436
2026-03-28,8490.493814813868,8490.493814813868,0.0,-0.16160165135898436
2026-03-29,8490.493814813868,8490.493814813868,0.0,-0.16160165135898436
2026-03-30,8490.493814813868,8490.493814813868,0.0,-0.16160165135898436
2026-03-31,8490.493814813868,8490.493814813868,0.0,-0.16160165135898436
2026-04-01,8490.493814813868,8490.493814813868,0.0,-0.16160165135898436
2026-04-02,8490.493814813868,8490.493814813868,0.0,-0.16160165135898436
2026-04-03,8490.493814813868,8490.493814813868,0.0,-0.16160165135898436
2026-04-04,8490.493814813868,8490.493814813868,0.0,-0.16160165135898436
2026-04-05,8490.493814813868,8490.493814813868,0.0,-0.16160165135898436
2026-04-06,8490.493814813868,8490.493814813868,0.0,-0.16160165135898436
2026-04-07,8490.493814813868,8490.493814813868,0.0,-0.16160165135898436
2026-04-08,8490.493814813868,8490.493814813868,0.0,-0.16160165135898436
2026-04-09,8490.493814813868,8490.493814813868,0.0,-0.16160165135898436
2026-04-10,8490.493814813868,8490.493814813868,0.0,-0.16160165135898436
2026-04-11,8490.493814813868,8490.493814813868,0.0,-0.16160165135898436
2026-04-12,8490.493814813868,8490.493814813868,0.0,-0.16160165135898436
2026-04-13,8490.493814813868,8490.493814813868,0.0,-0.16160165135898436
2026-04-14,8490.493814813868,8490.493814813868,0.0,-0.16160165135898436
2026-04-15,8490.493814813868,8490.493814813868,0.0,-0.16160165135898436
2026-04-16,8490.493814813868,8490.493814813868,0.0,-0.16160165135898436
2026-04-17,8490.493814813868,8490.493814813868,0.0,-0.16160165135898436
2026-04-18,8490.493814813868,8490.493814813868,0.0,-0.16160165135898436
2026-04-19,8490.493814813868,8490.493814813868,0.0,-0.16160165135898436
2026-04-20,8490.493814813868,8490.493814813868,0.0,-0.16160165135898436
2026-04-21,8490.493814813868,8490.493814813868,0.0,-0.16160165135898436
2026-04-22,8490.493814813868,8490.493814813868,0.0,-0.16160165135898436
2026-04-23,8490.493814813868,8490.493814813868,0.0,-0.16160165135898436
2026-04-24,8490.493814813868,8490.493814813868,0.0,-0.16160165135898436
2026-04-25,8490.493814813868,8490.493814813868,0.0,-0.16160165135898436
2026-04-26,8490.493814813868,8490.493814813868,0.0,-0.16160165135898436
2026-04-27,8490.493814813868,8490.493814813868,0.0,-0.16160165135898436
2026-04-28,8490.493814813868,8490.493814813868,0.0,-0.16160165135898436
2026-04-29,8490.493814813868,8490.493814813868,0.0,-0.16160165135898436
2026-04-30,8490.493814813868,8490.493814813868,0.0,-0.16160165135898436
2026-05-01,8490.493814813868,8490.493814813868,0.0,-0.16160165135898436
2026-05-02,8490.493814813868,8490.493814813868,0.0,-0.16160165135898436
2026-05-03,8490.493814813868,8490.493814813868,0.0,-0.16160165135898436
2026-05-04,8490.493814813868,8490.493814813868,0.0,-0.16160165135898436
2026-05-05,8490.493814813868,8490.493814813868,0.0,-0.16160165135898436
2026-05-06,8490.493814813868,8490.493814813868,0.0,-0.16160165135898436
2026-05-07,8490.493814813868,8490.493814813868,0.0,-0.16160165135898436
2026-05-08,8490.493814813868,8490.493814813868,0.0,-0.16160165135898436
2026-05-09,8490.493814813868,8490.493814813868,0.0,-0.16160165135898436
2026-05-10,8490.493814813868,8490.493814813868,0.0,-0.16160165135898436
2026-05-11,8490.493814813868,8490.493814813868,0.0,-0.16160165135898436
2026-05-12,8490.493814813868,8490.493814813868,0.0,-0.16160165135898436
2026-05-13,8490.493814813868,8490.493814813868,0.0,-0.16160165135898436
2026-05-14,8490.493814813868,8490.493814813868,0.0,-0.16160165135898436
2026-05-15,8490.493814813868,8490.493814813868,0.0,-0.16160165135898436
2026-05-16,8490.493814813868,8490.493814813868,0.0,-0.16160165135898436
2026-05-17,8490.493814813868,8490.493814813868,0.0,-0.16160165135898436
2026-05-18,8490.493814813868,8490.493814813868,0.0,-0.16160165135898436
2026-05-19,8490.493814813868,8490.493814813868,0.0,-0.16160165135898436
2026-05-20,8490.493814813868,8490.493814813868,0.0,-0.16160165135898436
2026-05-21,8490.493814813868,8490.493814813868,0.0,-0.16160165135898436
2026-05-22,8490.493814813868,8490.493814813868,0.0,-0.16160165135898436
2026-05-23,8490.493814813868,8490.493814813868,0.0,-0.16160165135898436
2026-05-24,8490.493814813868,8490.493814813868,0.0,-0.16160165135898436
2026-05-25,8490.493814813868,8490.493814813868,0.0,-0.16160165135898436
2026-05-26,8490.493814813868,8490.493814813868,0.0,-0.16160165135898436
2026-05-27,8490.493814813868,8490.493814813868,0.0,-0.16160165135898436
2026-05-28,8490.493814813868,8490.493814813868,0.0,-0.16160165135898436
2026-05-29,8490.493814813868,8490.493814813868,0.0,-0.16160165135898436
2026-05-30,8490.493814813868,8490.493814813868,0.0,-0.16160165135898436
2026-05-31,8490.493814813868,8490.493814813868,0.0,-0.16160165135898436
2026-06-01,8490.493814813868,8490.493814813868,0.0,-0.16160165135898436
2026-06-02,8490.493814813868,8490.493814813868,0.0,-0.16160165135898436
2026-06-03,8490.493814813868,8490.493814813868,0.0,-0.16160165135898436
2026-06-04,8490.493814813868,8490.493814813868,0.0,-0.16160165135898436
2026-06-05,8490.493814813868,8490.493814813868,0.0,-0.16160165135898436
2026-06-06,8490.493814813868,8490.493814813868,0.0,-0.16160165135898436
2026-06-07,8490.493814813868,8490.493814813868,0.0,-0.16160165135898436
2026-06-08,8490.493814813868,8490.493814813868,0.0,-0.16160165135898436
2026-06-09,8490.493814813868,8490.493814813868,0.0,-0.16160165135898436
2026-06-10,8490.493814813868,8490.493814813868,0.0,-0.16160165135898436
2026-06-11,8490.493814813868,8490.493814813868,0.0,-0.16160165135898436
2026-06-12,8490.493814813868,8490.493814813868,0.0,-0.16160165135898436
2026-06-13,8490.493814813868,8490.493814813868,0.0,-0.16160165135898436
2026-06-14,8490.493814813868,8490.493814813868,0.0,-0.16160165135898436
2026-06-15,8490.493814813868,8490.493814813868,0.0,-0.16160165135898436
2026-06-16,8490.493814813868,8490.493814813868,0.0,-0.16160165135898436
2026-06-17,8490.493814813868,8490.493814813868,0.0,-0.16160165135898436
2026-06-18,8490.493814813868,8490.493814813868,0.0,-0.16160165135898436
2026-06-19,8490.493814813868,8490.493814813868,0.0,-0.16160165135898436
2026-06-20,8490.493814813868,8490.493814813868,0.0,-0.16160165135898436
2026-06-21,8490.493814813868,8490.493814813868,0.0,-0.16160165135898436
2026-06-22,8490.493814813868,8490.493814813868,0.0,-0.16160165135898436
2026-06-23,8490.493814813868,8490.493814813868,0.0,-0.16160165135898436
